job title,company name,salary,city,state,job type,qualifications
Data Science,Dataquestcorp,"$70,000 - $78,613",Branchburg,NJ,Full-time,"('SQL', 'Machine learning', 'Python', 'Tableau', ""Bachelor's degree"")"
Senior Data Analyst - Marketing,Fora Financial LLC,"$90,000 - $115,000",New York,NY,Full-time,"('SQL', 'VBA', 'Microsoft Excel', 'Tableau', 'Data collection', 'Bachelor of Science', ""Bachelor's degree"")"
Data Scientist - 2022-1087,Ardent Eagle Solutions,"$72,000 - $94,000",Washington,DC,Full-time,"('Microsoft Excel', 'Microsoft Office', 'ETL', 'Remedy', 'Microsoft Word', ""Bachelor's degree"")"
Data Architect,Tesseon,$26 - $28 an hou,Jefferson City,MO,Full-time,"('Power BI', 'CSS', 'SQL', 'APIs', 'JavaScript', ""Bachelor's degree"")"
Data Scientist,the NBA,"$80,000 - $100,000",New York,NY,Full-time,"('Social listening', 'Basketball', 'Power BI', 'Relational databases', 'SQL', ""Bachelor's degree"")"
data scientist - multiple openings,Starbucks,"$115,900 - $157,000",United States,N/A,Full-time,"('Azure', 'SQL', 'Analytics', 'R', 'Machine learning', 'Bachelor of Science', ""Bachelor's degree"")"
Data Science Associate (Remote),pulseData,"$82,000 - $110,000",New York,NY,Contract,"('SQL', 'Git', 'Communication skills', 'R', 'Machine learning', ""Bachelor's degree"")"
Data Scientist,Infinity Quest,,Remote,N/A,Full-time,"('Azure', 'SQL', 'Network architecture', 'PyTorch', 'NumPy')"
Data Science Analyst,UNICC,"$105,000 - $115,000",New York,NY,Full-time,"('Power BI', 'Azure', 'SQL', 'SAS', 'SSIS', ""Bachelor's degree"", ""Master's degree"")"
Data Science Analyst I - Mount Sinai Health Partners,Mount Sinai,"$72,473 - $108,709",New York,NY,Full-time,"('Medicare', 'Financial report writing', 'HEDIS', 'Data collection', 'Analytics', 'Bachelor of Science', ""Bachelor's degree"", ""Master's degree"", 'Doctor of Philosophy')"
"Senior Data Scientist, Analytics",Discord,"$175,000",San Francisco,CA,Full-time,"('Writing skills', 'Social media management', 'SQL', 'Tableau', 'A/B testing')"
Data Scientist,Devcare Solutions,"$120,000 - $130,000",Columbus,OH +2 locations,Full-time,"('SQL', 'Spark', 'R', 'Machine learning', 'Python', 'Doctoral degree', ""Master's degree"", 'Doctor of Philosophy')"
Head of Data Science,Duolingo,"$195,800 - $314,100",New York,NY +1 location,,"('Growing experience', 'Communication skills', 'SQL', 'R', 'Python', 'Doctoral degree', 'Doctor of Philosophy')"
Customer Data Science,WarnerMedia,"$109,900 - $204,100",New York,NY,,"('SQL', 'Spark', 'NoSQL', 'Natural language processing', 'Machine learning', 'Doctoral degree', ""Master's degree"", 'Doctor of Philosophy')"
Senior Director Data Analytics-SWHR,Southwestern Health Resources,"$140,000 - $210,000",Farmers Branch,TX,,"('Power BI', 'Data modeling', 'Data visualization', 'Machine learning', 'Big data', ""Bachelor's degree"", ""Master's degree"")"
Director of Data Science,Klein Hersh International,$94K - $137K (Glassdoor est.),Philadelphia,PA,,"('h', 't', 't', 'p', 's', ':', '/', '/', 'w', 'w', 'w', '.', 'g', 'l', 'a', 's', 's', 'd', 'o', 'o', 'r', '.', 'c', 'o', 'm', '/', 'p', 'a', 'r', 't', 'n', 'e', 'r', '/', 'j', 'o', 'b', 'L', 'i', 's', 't', 'i', 'n', 'g', '.', 'h', 't', 'm', '?', 'p', 'o', 's', '=', '1', '0', '2', '&', 'a', 'o', '=', '1', '1', '1', '0', '5', '8', '6', '&', 's', '=', '5', '8', '&', 'g', 'u', 'i', 'd', '=', '0', '0', '0', '0', '0', '1', '8', '5', '1', 'd', 'c', '0', '1', 'd', 'b', 'a', '9', '6', 'e', 'c', '5', 'c', '3', '2', '9', '1', '9', '5', 'c', '7', 'c', '0', '&', 's', 'r', 'c', '=', 'G', 'D', '_', 'J', 'O', 'B', '_', 'A', 'D', '&', 't', '=', 'S', 'R', '&', 'v', 't', '=', 'w', '&', 'c', 's', '=', '1', '_', '4', '0', '4', '7', '2', '3', '1', 'd', '&', 'c', 'b', '=', '1', '6', '7', '1', '2', '4', '1', '4', '0', '8', '4', '0', '6', '&', 'j', 'o', 'b', 'L', 'i', 's', 't', 'i', 'n', 'g', 'I', 'd', '=', '1', '0', '0', '8', '1', '0', '6', '3', '0', '9', '9', '4', '4', '&', 'c', 'p', 'c', '=', 'C', '7', 'B', '9', '5', '0', '2', '0', '8', '7', '1', '3', '6', '3', '8', '3', '&', 'j', 'r', 't', 'k', '=', '3', '-', '0', '-', '1', 'g', 'k', 'e', 's', '0', '7', 'f', '2', '2', 'c', 'i', '6', '0', '0', '1', '-', '1', 'g', 'k', 'e', 's', '0', '7', 'f', 'o', '2', '8', 'u', 'u', '0', '0', '0', '-', 'c', 'a', 'd', 'f', 'd', 'e', '0', '6', '5', 'b', 'd', 'e', '5', 'c', '0', 'a', '-', '-', '6', 'N', 'Y', 'l', 'b', 'f', 'k', 'N', '0', 'B', '6', 'r', '0', 'M', 'Q', 'M', '7', 't', 'z', 'l', 'X', 's', 'A', 'i', 'V', 'F', 'n', 'h', 'M', 'I', '9', 'd', 'Y', 'L', '5', 'E', 'K', 'q', '7', 'S', 'U', 'Y', 'T', 'G', 'w', 'V', 'f', 'Y', 'd', 's', 'q', 'R', 'f', 'N', 'B', '5', '9', '_', 'E', 'b', 'A', '3', 'a', '_', 'G', 'U', 't', 'T', 'Z', 'A', 'Q', 'i', 'L', 't', 'I', '-', 'I', '_', 'M', '3', 'V', 'M', '9', 'A', 'o', '9', 'O', 'U', 'Q', 'B', '6', 'h', 'X', 'A', 'U', 'D', '7', 'E', 'd', 'u', 'N', 'f', '_', 'M', 'n', 'q', 'm', '7', 'l', 'U', 'B', '-', 'O', '-', 'U', 'E', 'E', 'i', 'D', 'J', 'l', 'Y', 'H', 'm', '3', 'F', 's', 'G', '-', 'l', '4', '2', 'e', 'y', 'w', '7', 'i', 'X', 'x', 'H', 'B', 'b', 'V', '0', 'v', 's', 'J', 'M', 'k', 'n', 'V', 'Q', 'g', 'P', 'R', 'd', '8', 'i', 'B', 'O', 'F', 'D', 'x', 'q', 'd', 'L', 'r', 'w', 'r', 'F', 'r', 'G', 'b', 'q', 'e', 'Y', 's', 'L', 'i', 'N', 'l', 'h', 'B', 'B', 'w', 'O', '8', 's', '6', 'y', 'U', 'y', 'A', 'L', 'i', 'n', 'Z', '2', 'X', 'u', 'T', 'X', 'P', 't', '2', '1', 'K', 'y', 'a', 'a', '3', 'f', 'N', 'l', 'h', 'n', 'B', 'G', '_', 'n', 'L', 'E', 'G', '-', 'd', '_', 'M', 'o', 'y', '-', 'y', 'n', 'O', 'v', 'f', 'W', 'R', '6', 'm', 'M', '4', 'r', 't', 'K', '0', '3', 'y', '_', 's', 'e', 'X', '-', 'B', 'U', 'V', 't', '9', 'I', 'I', 'g', '6', '6', 'S', 'F', 'z', 'x', 'U', 'X', 'A', 'r', '3', '9', 'h', 'x', 'H', 'u', 'R', 'M', 'm', 'l', 'g', 'A', 'A', 't', '1', 'r', 'a', 'q', 'C', 'z', 'T', 'a', 's', 's', 'p', '_', '3', 'F', 'v', 't', 'A', 's', 'K', 'E', 'J', 'p', 'V', 'm', 'K', 'O', 'K', 'H', 'c', '8', 'l', 'U', '_', 'I', 'l', 'Y', 'c', '9', 'J', 'e', 'C', '5', 'w', 'S', 'p', '8', 'h', '8', 'w', 'Z', '_', 'f', 'U', 't', 'D', '6', '2', '6', '4', 'H', 'S', 'H', 'k', '2', 'd', 'q', 'V', 'Y', 'r', 'Z', 'y', 'Q', 'F', 'W', 'x', 'B', 'I', 'S', '_', '2', '4', 'O', 'v', 'z', 'n', 'I', 'I', 'y', 'Q', '2', 'j', 'l', 'o', 'G', 'H', 'T', 'o', 'Q', 'Y', 'b', 'l', 'p', '8', 'T', 'y', 'x', '_', 'B', 'z', 'a', 'r', 'O', 'l', '6', 'i', 'A', 'r', 'P', 'U', 'a', 's', 'Q', 'Z', 'o', 'y', 'Z', 'X', 'y', 'm', '7', 'z', 'H', 'P', 'h', 'n', 'D', 'B', 'b', '9', 'd', 'u', 'i', 'y', 'p', 'T', 'R', 'N', 'n', 'K', 'k', '2', '2', '5', '1', 'a', 'O', 'o', 'L', 'E', 'd', 'k', 'j', 'Q', 'l', 't', 'e', 'E', 'a', '2', 'O', 'C', 'j', 'z', 'h', 'y', 'q', 'l', 't', '-', 'A', 'y', 'd', 'M', 's', 'd', 'm', 'f', '-', 'T', 'u', 'Z', '1', 'j', 'C', 'K', 'N', 'Q', '_', 'X', 'z', 'k', 'x', '2', 's', 'y', 'I', 'u', 'S', 'T', '7', 'T', 'V', '-', 'f', 'a', '3', 'D', 'f', '6', 'J', 'w', 'l', '3', 'c', '4', 'r', 'R', 'b', '9', 'k', '9', '1', '7', 'o', 'L', 'a', 'x', 'R', 'q', '5', 'C', 'N', 'i', 's', 'C', '1', 'U', 'c', 'v', '1', 'g', 'f', 'W', 'B', 'z', 'H', 'W', 'L', 'f', 'r', 'P', '8', 'R', 'p', 'Z', 'H', '-', 'G', '4', 'b', 'u', 'S', 'f', '5', 'b', 'M', 'e', 'M', 'J', 'K', '4', 'c', 'K', 'I', '-', 'C', 'O', 'X', 'z', 'j', '_', 'f', '5', 'Z', 'l', 'z', '5', 'q', 'L', 'E', 'P', '3', 'c', '1', 'N', 'V', 'i', 'm', 'R', 'X', 'r', 'c', 'p', 'x', 'j', 'F', 'M', 'B', 'd', 'd', 'P', 'i', '4', 'S', 'x', 'z', 'i', 'O', 'U', 'g', '1', 'k', 'h', 'u', 'o', 'z', 'h', 'N', 't', 'k', 'T', 'Q', 'z', 'v', 'F', 'y', 'B', 'i', 'F', 'F', 'l', '9', 'c', 'Z', 'R', 'u', '7', 'Y', 'l', 'Y', 'A', '8', 'l', 'x', 'J', 'm', 't', 'y', 'a', 'p', 's', 'm', 'y', 'M', 's', 'M', 'q', 'F', '2', 'V', 'L', 'g', 'c', 'F', 'y', 'B', '7', '3', '0', 'g', 'J', 'Q', 'X', 'v', 'p', 'n', 'X', 'E', 'H', 'B', 'o', '_', 'k', '7', 'W', 'h', '3', '6', 'g', '%', '3', 'D', '%', '3', 'D')"
Data Architect,Tesseon,$26.00 - $28.00 Per Hour(Employer est.),Jefferson City,MO,,"('h', 't', 't', 'p', 's', ':', '/', '/', 'w', 'w', 'w', '.', 'g', 'l', 'a', 's', 's', 'd', 'o', 'o', 'r', '.', 'c', 'o', 'm', '/', 'p', 'a', 'r', 't', 'n', 'e', 'r', '/', 'j', 'o', 'b', 'L', 'i', 's', 't', 'i', 'n', 'g', '.', 'h', 't', 'm', '?', 'p', 'o', 's', '=', '1', '0', '4', '&', 'a', 'o', '=', '1', '1', '1', '0', '5', '8', '6', '&', 's', '=', '5', '8', '&', 'g', 'u', 'i', 'd', '=', '0', '0', '0', '0', '0', '1', '8', '5', '1', 'd', 'c', '0', '1', 'd', 'b', 'a', '9', '6', 'e', 'c', '5', 'c', '3', '2', '9', '1', '9', '5', 'c', '7', 'c', '0', '&', 's', 'r', 'c', '=', 'G', 'D', '_', 'J', 'O', 'B', '_', 'A', 'D', '&', 't', '=', 'S', 'R', '&', 'v', 't', '=', 'w', '&', 'e', 'a', '=', '1', '&', 'c', 's', '=', '1', '_', '8', '9', 'f', 'a', '1', 'c', '8', 'e', '&', 'c', 'b', '=', '1', '6', '7', '1', '2', '4', '1', '4', '0', '8', '4', '0', '6', '&', 'j', 'o', 'b', 'L', 'i', 's', 't', 'i', 'n', 'g', 'I', 'd', '=', '1', '0', '0', '8', '3', '3', '1', '7', '1', '9', '1', '3', '5', '&', 'c', 'p', 'c', '=', '0', 'F', '4', '8', '6', 'A', '8', 'D', 'D', 'D', 'B', '1', '3', '6', '4', '0', '&', 'j', 'r', 't', 'k', '=', '3', '-', '0', '-', '1', 'g', 'k', 'e', 's', '0', '7', 'f', '2', '2', 'c', 'i', '6', '0', '0', '1', '-', '1', 'g', 'k', 'e', 's', '0', '7', 'f', 'o', '2', '8', 'u', 'u', '0', '0', '0', '-', 'd', '1', '5', '3', 'b', 'b', 'b', '4', 'e', '2', '7', '4', 'b', '2', 'b', 'b', '-', '-', '6', 'N', 'Y', 'l', 'b', 'f', 'k', 'N', '0', 'D', 'U', 'h', 'R', '5', 'h', 'n', '1', 'y', 'A', 'N', 'L', 'i', 'x', 'm', '7', 'C', 'H', 'v', 'o', 'Y', 'm', '6', 'K', 'j', 'f', 'e', 'C', 'm', 'N', 'Y', '4', 'e', 'y', 'b', 's', 'c', 'e', '_', 'd', 'T', '1', 'M', 'A', '2', 'Z', 'r', 'w', 'r', 'Q', 'x', 'x', 'H', 'O', 'm', 'W', 'y', 'R', 'U', '4', '-', 'i', 'a', 'w', 'k', 'm', 'X', '_', '2', 'U', '5', 'K', 'h', 'D', 'u', 'S', 'H', 'E', 'D', 'v', 'a', 'l', 'Z', 'q', 'A', 'e', 'u', 'j', 'o', 'd', 'w', 'x', 'g', 't', 'u', 'd', 'q', 'Q', 'U', 'O', '7', '_', 'c', 'H', 'E', 'z', '_', 'r', '5', 'a', 'M', 'j', '2', 'A', 'F', 'I', 'o', 'm', 'F', 'p', 'd', 'h', 'e', 'l', 'r', 'O', 'K', '9', 'm', 'u', 'K', 'o', 'I', '-', 'M', 'u', 'C', '1', 'i', 'Z', 'h', 'v', '2', 'e', 'j', 'z', 'b', '1', 'R', '_', 'E', 'J', '6', 'q', '_', 'o', 'F', 'C', 's', 'R', '5', '5', 'd', 'H', '1', 's', 'y', 'B', 'P', '6', 'm', 'I', 'P', 'x', 'k', 'P', 'W', 'X', 'h', '-', 'o', 'g', 'V', 'H', 'V', 'U', 'P', '2', 'b', 'n', '-', 'L', 'i', 'f', 'd', 'o', 'B', 'a', 'i', 'e', 'J', 'f', 'k', 'o', 'E', 'e', 'B', 'c', '7', '9', 'k', '2', 'd', 'H', '2', 'A', 'r', 'n', 'r', 'l', 'H', 'H', 'S', 'i', 'U', 'b', 'a', '9', 'X', 'c', 'x', 'm', 'V', 'Q', 'P', '9', '2', 'B', 'G', 'M', 'K', 's', 'v', '3', 'v', 's', 'F', 'e', 's', 'z', 'b', 'f', 'y', '5', '4', '-', 'K', 'n', 'b', 'u', '9', 'Q', 'V', 'o', 'j', 'i', 'F', '5', 'Z', 'B', 'b', 'i', 'm', 'F', '6', '0', '8', 'l', 'R', 'b', 'a', 'D', 'H', 'G', 't', 'O', '7', 'R', 'f', 'n', 'v', 'Z', 'e', '4', 'v', '-', 'l', 's', '7', 'J', 'I', 'j', 'V', '7', 'E', 'F', 'k', 'Y', 's', 'u', 'V', 'o', 'q', 'C', 'w', '-', 'A', 'q', 'Y', 'J', '-', 'r', 'g', 'w', 'L', 'i', 's', 'J', '2', '_', 'r', '-', '7', 'U', 'L', 'H', 'S', '5', 'P', 'C', 'G', 'P', '3', 'U', 'J', 'w', 'A', '4', '-', 'q', 'P', 'b', 'N', 'U', 'W', 'F', 'O', 'E', '4', 'l', '2', 'A', '2', 'X', 'o', 'b', 'e', 'm', '_', 'D', 'k', '6', 'I', 'X', 'y', 'O', 'd', '2', 'A', 'J', 'U', 'u', 'Z', 'I', 'D', 'p', 'X', '7', 'D', 'O', '3', 'M', '9', 'J', 'z', 's', 'z', 'z', 'K', '1', 'n', 'f', 'D', 'u', 'u', 'S', 'G', 'Q', 't', 'l', 't', 'T', 'm', 'A', 'b', 'R', 'x', 'J', 'z', 'o', 'n', '8', '-', '1', 'i', 'U', 'E', 'Y', 'w', '6', 'L', 'T', 'H', 'F', 'G', 'y', '9', '6', 'O', 'j', 'U', 'i', 'u', 'k', '7', 'B', '1', '2', '6', '8', 'W', 'W', '7', '3', 'Y', 'n', 'S', 'T', 'n', 'k', 'A', 'X', '4', 'm', 'F', '5', '5', 'U', 'd', 'I', 'G', 'S', 'Q', 'b', '5', '4', '-', '4', 't', 'v', '6', 'N', 'N', '_', '0', '8', 'r', 'y', 'u', '8', 't', 'g', 'e', 'm', 'L', 'q', 'Y', 't', '5', '0', 'M', 'C', '_', 'f', 'b', 'V', 'M', 'R', 'm', 'D', '4', 'H', 'b', '2', 'D', 'N', 'U', 'p', 'o', 'G', 'y', '9', 'y', 'g', 'i', 'z', '9', 'D', 'V', 'z', 'b', 't', '0', 'j', 'K', '6', 'X', 'Q', 'U', 'E', 'p', '5', 'y', 'R', '_', '9', 'b', 'b', '2', 'e', 'B', 'J', '-', 'P', 'q', 'y', 'g', 'T', 'V', '-', '8', 'Z', 'F', '2', 'X', 'W', '0', 'c', 'o', '0', 'U', 'I', 'y', 'g', 'U', 'i', 'X', 'h', 'Q', 'I', 'O', 'p', 'Z', 'Q', 'G', 'm', 'w', 'Z', 'U', 'v', 'O', 'q', 'a', 'i', 'V', 'e', '5', 't', 'j', 'v', '7', '7', 'v', 'y', 'i', 'v', 'v', 'e', 'U', '2', 'd', 'y', 'q', 'e', 'V', 'w', 'z', 't', 'm', 'g', 'G', '-', '3', 'u', 'o', 'z', 'v', '-', 'F', 'w', 's', 'E', 'h', 'L', 'g', 'y', 'S', 'T', '6', 'I', 'z', '7', '0', 'f', 'Q', 'p', 'd', 'A', 'o', 'U', 'k', 'w', '%', '3', 'D', '%', '3', 'D')"
Senior Director Data Analytics-SWHR,Southwestern Health Resources,$140K - $210K (Employer est.),Farmers Branch,TX,,"('h', 't', 't', 'p', 's', ':', '/', '/', 'w', 'w', 'w', '.', 'g', 'l', 'a', 's', 's', 'd', 'o', 'o', 'r', '.', 'c', 'o', 'm', '/', 'p', 'a', 'r', 't', 'n', 'e', 'r', '/', 'j', 'o', 'b', 'L', 'i', 's', 't', 'i', 'n', 'g', '.', 'h', 't', 'm', '?', 'p', 'o', 's', '=', '1', '0', '7', '&', 'a', 'o', '=', '1', '1', '1', '0', '5', '8', '6', '&', 's', '=', '5', '8', '&', 'g', 'u', 'i', 'd', '=', '0', '0', '0', '0', '0', '1', '8', '5', '1', 'd', 'c', '0', '1', 'd', 'b', 'a', '9', '6', 'e', 'c', '5', 'c', '3', '2', '9', '1', '9', '5', 'c', '7', 'c', '0', '&', 's', 'r', 'c', '=', 'G', 'D', '_', 'J', 'O', 'B', '_', 'A', 'D', '&', 't', '=', 'S', 'R', '&', 'v', 't', '=', 'w', '&', 'e', 'a', '=', '1', '&', 'c', 's', '=', '1', '_', '3', '5', '1', '8', '1', '8', '5', '1', '&', 'c', 'b', '=', '1', '6', '7', '1', '2', '4', '1', '4', '0', '8', '4', '0', '7', '&', 'j', 'o', 'b', 'L', 'i', 's', 't', 'i', 'n', 'g', 'I', 'd', '=', '1', '0', '0', '8', '3', '2', '3', '8', '8', '6', '4', '0', '3', '&', 'c', 'p', 'c', '=', '1', 'B', '4', '4', '1', 'C', 'F', '2', '5', '5', 'E', '0', '4', 'B', 'B', 'A', '&', 'j', 'r', 't', 'k', '=', '3', '-', '0', '-', '1', 'g', 'k', 'e', 's', '0', '7', 'f', '2', '2', 'c', 'i', '6', '0', '0', '1', '-', '1', 'g', 'k', 'e', 's', '0', '7', 'f', 'o', '2', '8', 'u', 'u', '0', '0', '0', '-', 'c', '1', 'b', '8', '6', 'a', '8', 'f', 'a', '9', '0', '6', '0', 'd', 'a', '4', '-', '-', '6', 'N', 'Y', 'l', 'b', 'f', 'k', 'N', '0', 'A', 'l', 'n', 'T', 'q', 'N', '-', 'q', 'A', 'U', 'Y', 'x', 'v', 'j', 'I', 'E', 'n', 'N', 'h', 'u', 'y', 'J', 'G', 'K', 'k', 'y', 'o', 'z', 'i', 'H', 'A', 'M', 'K', '6', '8', 'J', '_', 'K', 'M', 'z', 'S', 'm', 'k', 'M', '1', 'q', 'o', '3', 'K', '5', 'r', 'a', 'H', 'G', 'A', '6', '0', 'u', 'p', 'z', 'V', 'V', 'T', 'm', '5', '_', 'X', 'G', '7', 'Q', 'Q', 'n', '-', 'w', 'a', 'E', 'F', '4', 'A', 'A', 'i', 'q', 'P', 'E', 'j', 'K', 'z', '3', 't', 'k', '2', '5', 'e', 'k', '_', 't', 'b', 'o', 'j', 'q', 'e', 'l', '6', 'Y', 'F', 'i', '5', 'H', 'h', 'w', 'B', '4', '4', '6', 'm', 'A', 'K', 'g', 'L', 'v', 'l', 'p', '_', 'q', '5', 'r', 'Q', 'b', '7', 'm', 'K', 'h', 'c', 'N', '2', 'Z', 'A', 'D', 'D', 'n', 'a', 'U', 'M', 'c', '8', '5', 'M', 'S', 'S', 'N', 'm', 'M', 'z', 'U', 'u', 't', 'p', 'W', 'u', 'c', '5', '0', 'o', 'Q', 'e', 'p', 'b', 'A', 'g', '5', '5', '8', 'G', 'J', 'm', 's', '1', 'u', 'C', 'M', 'c', 'z', 'j', 'l', '-', 'g', 'O', 'F', 'c', 'q', 'U', '1', 'Q', '9', 't', 'c', '7', 'f', '0', '8', 'r', 't', 'I', 'q', 't', 'M', 'l', 't', 'N', 'l', 'A', 'M', 'z', 'c', 'a', '2', 'N', 'p', 'T', 'C', '3', 'q', 'O', 'n', 'i', 'O', '9', 'K', 'E', 'd', 'c', 'M', 'T', 'Q', 'A', '4', 'R', 'k', 'g', 't', 'g', 'f', 'K', 'r', '6', 'p', '8', 'U', 'Q', 'k', 'i', '6', 'd', 'o', 'c', '4', 'n', 'L', '7', 'C', 'F', 'o', 'b', 'c', 'm', 'M', '-', '9', 'w', 'm', 'b', '8', 'Z', 'R', 'Y', 's', '2', 'A', 'q', 'E', 'J', 'j', 'X', 'I', 'T', 'G', 'n', '8', 'v', 'I', 'y', 'g', 'r', 'O', 'n', 'J', 'Y', 'N', 'M', 'f', '2', 'j', '8', 'Z', 'C', 'J', 'j', '7', '4', 'g', 's', '2', 'a', 'N', 'k', 'T', 'i', 'U', 'v', 'K', 'N', 'X', '2', 'Q', 'm', '3', 'R', '8', 'L', 'Z', 'H', 'M', '7', 'R', '5', 'h', 'P', 'H', 'Z', 't', 'w', 'h', 'X', '-', 'A', 'V', 'p', 'b', 'V', 'c', 'V', 'M', 'D', 'u', 'w', 'T', 'F', '3', 'F', 'S', 'h', 'w', 'n', 'w', 'R', '8', 'X', 'U', 'l', 'q', 'r', 'b', 'f', 'W', 'd', 'H', 'l', 'n', 'C', '5', '7', 'Y', 'N', 'u', 'V', 'I', 'V', '8', 'p', 'H', '0', 'm', '9', 'x', 'k', 'u', 'G', 'l', 'b', 'z', '9', '7', '7', 'e', 'L', '1', 'A', 'y', '0', 'Q', 'Y', 'D', 'u', 'a', 'p', 'I', '7', 'E', '4', 'F', 'l', 'C', 'K', 'J', 'W', 'L', 'D', 'p', 'z', 'C', '4', 'Z', '9', 'I', 'F', 'U', 'm', 'h', 'u', 'X', '3', 'O', '3', 'L', '0', '3', '3', 'D', 'O', 'Z', '-', 'p', 'H', 'G', '8', 'b', '9', 'Y', '6', '7', 'J', 'Y', 'C', 'Y', 'b', 't', 'f', 'I', 's', 'l', 'L', 'X', 'P', '5', 'x', '-', 'a', '7', 'I', 'D', 'P', 'Q', 'r', '2', '-', 'P', 'L', 'v', 'Y', 'i', 'X', '-', 'F', '2', 'T', 'A', 'B', 't', 'g', 'y', 'U', 'q', '4', 'S', '0', 'F', 'e', '9', 'b', 'Z', '1', '7', 'Z', 'm', '1', 'z', 'V', '8', 'K', 's', 'j', 'f', 'w', 'H', '4', 'o', '3', 'S', 'S', 'T', 'Q', 'o', 'Q', 'm', 'n', '6', 'I', 'B', 'U', 'o', 'e', 'w', 'X', '4', 'A', 'U', 'd', '7', 'D', 'h', 'c', 'u', 'M', '0', 'u', 'a', 'T', 'L', 'y', 'f', 'g', 'r', 'S', 'n', 'U', 'C', 'P', 'c', 'O', 'Q', '8', 'N', '-', 'K', 'Q', 'F', 'C', 'x', 'x', 'j', 'D', 'm', 'K', 'D', 'h', '0', 'S', 'd', 'l', '4', 'O', 's', 's', '1', 'Q', '6', 'V', 'Z', 'Z', 'k', 'f', 'W', 'g', 'D', 'n', 'm', 'h', 'i', '_', 's', '7', 'p', 'L', '2', 'V', 'B', 'k', 'H', 'g', '_', 'J', '8', 'S', 'U', 'y', 's', '2', 'R', 'E', '-')"
Cyber Data Science Engineer,Arcfield,$86K - $116K (Glassdoor est.),Chantilly,VA,,"('h', 't', 't', 'p', 's', ':', '/', '/', 'w', 'w', 'w', '.', 'g', 'l', 'a', 's', 's', 'd', 'o', 'o', 'r', '.', 'c', 'o', 'm', '/', 'p', 'a', 'r', 't', 'n', 'e', 'r', '/', 'j', 'o', 'b', 'L', 'i', 's', 't', 'i', 'n', 'g', '.', 'h', 't', 'm', '?', 'p', 'o', 's', '=', '1', '1', '2', '&', 'a', 'o', '=', '1', '1', '1', '0', '5', '8', '6', '&', 's', '=', '5', '8', '&', 'g', 'u', 'i', 'd', '=', '0', '0', '0', '0', '0', '1', '8', '5', '1', 'd', 'c', '0', '1', 'd', 'b', 'a', '9', '6', 'e', 'c', '5', 'c', '3', '2', '9', '1', '9', '5', 'c', '7', 'c', '0', '&', 's', 'r', 'c', '=', 'G', 'D', '_', 'J', 'O', 'B', '_', 'A', 'D', '&', 't', '=', 'S', 'R', '&', 'v', 't', '=', 'w', '&', 'e', 'a', '=', '1', '&', 'c', 's', '=', '1', '_', '1', '5', 'c', '2', '4', 'f', '9', '9', '&', 'c', 'b', '=', '1', '6', '7', '1', '2', '4', '1', '4', '0', '8', '4', '0', '8', '&', 'j', 'o', 'b', 'L', 'i', 's', 't', 'i', 'n', 'g', 'I', 'd', '=', '1', '0', '0', '7', '9', '9', '3', '0', '5', '7', '5', '7', '3', '&', 'c', 'p', 'c', '=', '7', 'B', '5', '5', 'E', '3', 'D', 'A', 'B', 'F', 'A', '2', 'D', '4', '5', 'C', '&', 'j', 'r', 't', 'k', '=', '3', '-', '0', '-', '1', 'g', 'k', 'e', 's', '0', '7', 'f', '2', '2', 'c', 'i', '6', '0', '0', '1', '-', '1', 'g', 'k', 'e', 's', '0', '7', 'f', 'o', '2', '8', 'u', 'u', '0', '0', '0', '-', '0', 'd', '2', '7', '9', '2', 'a', 'c', '3', 'e', 'b', '7', 'b', '0', '2', 'd', '-', '-', '6', 'N', 'Y', 'l', 'b', 'f', 'k', 'N', '0', 'A', 'i', 'u', 'r', '-', 's', '0', 'w', '1', 'e', 'c', 'i', 'e', 'Y', 'S', 'D', 'Q', 'A', 'i', 'v', '-', 'u', 'L', 'Y', 'L', 'f', 't', 'p', 'J', 'i', 'd', 'G', 'W', 'u', 'K', 'R', '3', 'k', 'S', 'J', 'Y', 'F', '_', 'm', '0', 'P', 'a', '5', 'M', 'j', 'l', 'h', 'g', 'w', '5', '2', 'b', 'q', 'F', 'L', '_', 'g', '8', '6', 'r', '8', 'n', '2', 'x', 'a', 'y', '6', 'R', '9', '9', 'x', '2', 'L', 'u', 's', 'd', 'c', 'f', '8', 'W', '6', 'n', 'G', 'V', 'z', 'y', 'S', 'E', 'm', 'x', 'i', '5', 'P', 'U', 'W', 'u', '-', 'm', 'a', 'u', '_', '1', '2', '3', 'u', '4', 't', 'M', 'R', 'M', '8', 'd', 'O', 'o', 'L', 'u', 'd', 'c', 'o', 'e', 't', 'g', 'b', 'x', '_', 'J', 'S', 'e', 'A', 'g', 'M', 'f', 'b', 'C', 'F', 'R', 'x', 'C', 'J', '6', '0', 'S', 'K', 'T', 'h', 'i', '0', 'C', 'y', 'K', 'D', '1', 'b', 'P', '4', 'K', '_', 'q', 'p', 'S', 'm', 'b', 'd', '_', 'O', 'a', 'j', 'u', 'R', 't', 'F', 'A', 'G', '0', 'C', 'g', 'E', 'I', 'O', 'i', 'g', '4', 'C', 'W', '-', '1', 'd', '0', 'K', 'u', 'C', 'K', 'x', 'M', 'w', 't', 'k', '1', 'm', 'm', 'h', 'M', 't', '9', '-', 'g', 'X', 'p', 'v', 'R', 'x', 'P', 'C', 't', 'G', 'N', 'X', '8', 'K', 'y', 'n', 'S', 'P', 'B', 'Q', 'J', 'T', 'm', 's', 'a', 's', 't', '2', '4', '9', 'V', 'R', 'p', 'Q', 'I', 'v', 'l', 'g', '1', 'W', 'M', '7', '9', 'V', 'E', 'r', '6', 'w', 'C', 'K', 'V', 'i', 'p', 'g', 'X', 'k', 'i', 'I', 'm', 'b', 'c', 'I', 'I', 'w', 'j', 'u', 'z', 'y', 'E', 'u', '9', 'y', 'b', 'g', 'S', '2', 'V', 'M', '3', 'n', 'f', 'c', 'A', 'D', 'g', 'K', '9', '3', 'd', 'O', 'a', 'X', 'z', 'v', 'x', '6', 'Q', 'W', 'K', 'R', 'o', 'F', 'k', 'y', 'Y', '9', 'Y', '_', 'y', 'f', 'f', 'W', '-', 'D', 'm', 'z', 'Y', 'H', 'E', 'e', 'u', 'B', 'A', 'z', 'O', 'N', '9', 's', 'Q', '6', '7', 'c', '9', 'm', 'T', 'k', 'I', 'j', 'J', 't', 'S', 'x', 'P', 'x', 'o', 'g', 'L', 'S', 'G', 'k', 'r', 'f', 'W', 'I', '0', 'o', '7', 'H', '3', 's', 'h', 'T', '3', 'n', 'A', 'j', '2', 'Q', 'E', 'e', 'j', '5', 'F', '_', 'L', 'g', 'Q', 'f', 'W', 'n', 'z', 'T', 'A', 's', 'A', 'c', 'l', 'P', 'd', 'Z', 'o', '6', 'b', 't', 'W', 'Z', 'L', 'G', 'I', 's', '0', 'l', 'f', 'Z', 'D', 'Y', 'Z', '_', 'y', 'l', 'Y', 'k', '-', 'I', 'C', '9', 'C', 'c', 'K', 'V', 'i', 'o', 'M', 'p', 'C', 'o', 'P', 'v', 's', 'J', '0', 'J', 'g', 'G', 'g', 'j', 'l', 'q', 'Q', 't', '3', 'o', 's', 'G', 'O', 'U', 'c', '1', 'n', 'H', '3', '6', 'F', 'N', 'R', '_', 'y', 'Z', 'S', 'C', '9', 'o', '6', '_', 'l', 'j', 'H', 'W', 'W', 'd', 'K', 'a', 'a', '-', '_', 'C', 'u', 'o', 'A', 'n', 'O', 'G', 'J', '7', '2', 'H', 'q', 'x', 'n', '2', 'x', 'L', 'C', 'Y', '0', 'S', 'P', 'q', '1', 'B', 'X', 'v', 'F', '0', '0', 'm', 'T', 'f', '5', '5', '6', 'H', 't', 'x', 'f', 'c', 'z', 'E', 'G', 'x', 'y', '2', 'p', 'T', 'p', 'G', 'Q', 'O', '0', 'i', 'g', '_', 'J', '4', '3', 'v', 'v', 'Q', 's', 'i', '4', 'x', '2', 'Q', 'H', 'm', 'r', '7', '6', '-', 'A', 'J', '2', 'd', 'c', 'W', 'R', 'P', 'U', 'O', 'K', 'W', 'b', 'j', 'a', 'e', 'F', 'U', 'r', '9', 'T', '0', 'a', 't', 'G', 'X', 'x', 'Q', 'B', 'c', 'h', 'g', '2', 'W', 'E', '6', 'L', 'f')"
I.S. Business Intelligence - Data Scientist/Actuary Scientist,Parkview Health,$65K (Employer est.),Fort Wayne,IN,,"('h', 't', 't', 'p', 's', ':', '/', '/', 'w', 'w', 'w', '.', 'g', 'l', 'a', 's', 's', 'd', 'o', 'o', 'r', '.', 'c', 'o', 'm', '/', 'p', 'a', 'r', 't', 'n', 'e', 'r', '/', 'j', 'o', 'b', 'L', 'i', 's', 't', 'i', 'n', 'g', '.', 'h', 't', 'm', '?', 'p', 'o', 's', '=', '1', '1', '3', '&', 'a', 'o', '=', '1', '1', '1', '0', '5', '8', '6', '&', 's', '=', '5', '8', '&', 'g', 'u', 'i', 'd', '=', '0', '0', '0', '0', '0', '1', '8', '5', '1', 'd', 'c', '0', '1', 'd', 'b', 'a', '9', '6', 'e', 'c', '5', 'c', '3', '2', '9', '1', '9', '5', 'c', '7', 'c', '0', '&', 's', 'r', 'c', '=', 'G', 'D', '_', 'J', 'O', 'B', '_', 'A', 'D', '&', 't', '=', 'S', 'R', '&', 'v', 't', '=', 'w', '&', 'e', 'a', '=', '1', '&', 'c', 's', '=', '1', '_', '8', 'c', '6', '4', '9', '7', 'b', '0', '&', 'c', 'b', '=', '1', '6', '7', '1', '2', '4', '1', '4', '0', '8', '4', '0', '8', '&', 'j', 'o', 'b', 'L', 'i', 's', 't', 'i', 'n', 'g', 'I', 'd', '=', '1', '0', '0', '8', '1', '0', '3', '8', '5', '8', '6', '9', '8', '&', 'c', 'p', 'c', '=', 'A', 'D', 'E', '3', '6', '0', '3', 'F', 'F', '9', 'E', 'D', 'A', 'B', '1', 'F', '&', 'j', 'r', 't', 'k', '=', '3', '-', '0', '-', '1', 'g', 'k', 'e', 's', '0', '7', 'f', '2', '2', 'c', 'i', '6', '0', '0', '1', '-', '1', 'g', 'k', 'e', 's', '0', '7', 'f', 'o', '2', '8', 'u', 'u', '0', '0', '0', '-', '5', 'b', 'c', 'd', 'd', '7', '6', '0', '8', 'f', 'f', '2', '5', 'b', 'e', '3', '-', '-', '6', 'N', 'Y', 'l', 'b', 'f', 'k', 'N', '0', 'B', 'k', 'v', 'Y', 'I', '6', 'L', 'y', 'd', 'o', 'h', 'a', 'J', 'v', 'R', 'Z', 'H', 'K', 'Q', 'c', 'p', 'R', 'Z', 'P', 'A', '8', 'Q', 'j', '3', 'b', 'X', 'L', 'r', 'L', 'h', '8', '6', 'E', 'O', 'I', 'y', 't', 'R', '9', '7', 'J', 'U', 'e', '1', '8', 'Y', '-', 'Q', '2', 'V', 'd', '0', 't', 'H', 'm', '1', 'r', 'j', 'F', '7', 'Q', 'Y', 'X', 'G', 'c', 'j', 'o', '8', '3', 'V', '6', '8', 'q', 'y', 'm', 'L', 'r', 'o', 'g', 'T', 't', '5', 'g', 'n', '5', 'n', 'n', 't', 'f', 's', 'V', '5', 'y', '9', 'W', 'P', 'T', '2', 'p', 'V', 'c', 'w', 'O', '9', 'A', '5', 'n', 'd', '5', 'm', '-', '3', 'j', 'T', 'g', 'V', 'I', 'L', 'o', '6', 'H', 'u', '9', 'e', '3', 'L', '1', 'H', 'K', '_', 'i', '5', '4', 'f', '-', 'R', 'n', 'A', 'o', 'b', 'H', '2', 't', 'x', 'u', 'Q', 'i', 'c', 'k', 'z', 't', 'J', 'u', 'G', '4', 'y', 'V', 'O', 'S', 'K', 'G', 'V', 'B', 'v', 'z', '1', 'b', 'S', 'N', 'x', 's', 'd', '2', 'k', 'T', 'a', 'w', 'R', '7', 'S', 'f', '6', 'T', 'r', 'Z', 'j', 'T', 'z', 'H', 'a', 'o', 'C', 'P', 'i', 'U', 'Z', 'X', '1', 'j', 'Z', 'J', 'A', 'w', 'a', '4', '-', 'y', 'H', 'L', 'r', '6', 'B', 'I', 's', 'I', 'r', 'g', '6', 'P', 'k', 'g', 'M', 'F', 'D', 'I', 'S', '_', '3', 'Q', 'T', '8', 'h', 'J', 'p', 'p', '7', 'g', '5', 'y', '1', 'y', 'P', 'N', '4', '1', 'n', 'D', 'j', '7', 'S', 'm', 'N', '1', 'l', 'R', 'N', '_', 'F', 'w', 's', '2', 'S', 'a', 'p', 't', 't', '1', 'W', 'E', 'B', 'd', 'w', 'c', 'c', 'Y', 'n', '-', 'Z', 't', 'L', 'T', 'i', 'd', 'm', 'z', 'l', 'Q', '9', 'n', 's', '-', 'W', '7', 'E', 'i', '3', 'z', 'Q', 'c', '0', 'c', 'o', 'B', '3', 'o', '_', 'X', 't', 'u', 'F', 'p', 'C', 'C', 'L', '4', 'q', '-', 'L', 'g', '-', 'H', '8', '8', 'k', 'f', '8', 's', 'a', 'C', '1', '_', 'H', 'p', 'N', 'j', '6', 'u', 'Q', 't', '6', 's', 'd', 'l', 'i', 'm', 'L', 'H', 'O', '_', '9', 'a', 'V', 'X', '3', 'b', 'p', 'u', 'f', 'u', 'N', 'P', 'z', 'J', 'Q', 'e', 'G', 'c', 'I', 'n', '9', 'Z', 'k', 'N', 't', 'p', 'K', '_', 'p', 'e', 'U', 'E', 'j', 'W', 'G', 'l', 'X', 'H', '-', 'e', '0', 'E', 'T', 'm', 'E', 'l', 'F', 'z', '-', 'm', 'L', '7', '3', 'i', 'f', 'K', '1', 'Y', 'F', 'a', 'r', '_', 'P', 'x', 'C', '4', 'Y', 'S', 'N', '8', 'h', 'x', '2', 'n', 'w', 'k', 'q', 'D', 'p', 'V', 'i', 'x', 'F', 'T', 'X', 'X', 't', 'C', 'Z', 'X', 'H', 'Z', 'Z', '_', 'o', '5', '6', 'H', 'r', 'B', 'y', '8', 'd', 'S', 'r', 'K', 'H', 'h', 'Q', '9', 'e', 'a', 'l', 'r', 'z', 'I', '1', '3', '1', '8', 'z', '1', 's', 'L', 'T', 'y', 'R', 'r', 'u', 'M', 'j', 'F', 'E', 'B', '9', 'y', 'G', 'K', 'c', 'l', 'A', 'g', 'z', 'N', 'd', 'g', 'X', 'D', 'F', 'Q', 'F', 'w', 'v', '-', 'z', '-', '9', 'f', 't', 'y', 'f', 'k', 'J', 'b', 'l', 'R', 'g', 'g', 'B', '8', 'z', 'f', '6', 'h', 'R', 'C', 'K', 'K', 'V', 'E', 'Q', '-', 'H', 'F', '_', 'Z', 'r', 'L', 'C', 'a', 'v', 'b', 'A', 'Q', 's', '-', 'Y', 'z', 'a', 'J', 'j', 'M', 'T', 'p', 'H', 'y', 'm', 'a', '0', '2', 'M', '0', '6', 'P', 'W', 'X', '2', '8', 'V', 'H', 'e', '8', 'V', 'g', 'i', 'V', 's', 'R', 'S', 'e', '6', 'u', 'E', 'v', 'c', 'z', 'z', 'T', 'M', 'Z', '5', '7', 'G', 'l', '1', 'a', 'D', 'H', 'x', 'T', 'i', 'w', '0', 't', '9', 'W', 'g', 'm', 'V', '5', 'W', '-', 'B', 'B', 'r', 'e', 'V', 'A', 'u', 'Z', 'a', 'd', 'B', 'H', 'P', '-')"
"Director of Data Architecture and Engineering (Ability to be based out of Kansas City, Wichita, or Park City)",Foley Equipment,$110K - $120K (Employer est.),Kansas City,MO,,"('h', 't', 't', 'p', 's', ':', '/', '/', 'w', 'w', 'w', '.', 'g', 'l', 'a', 's', 's', 'd', 'o', 'o', 'r', '.', 'c', 'o', 'm', '/', 'p', 'a', 'r', 't', 'n', 'e', 'r', '/', 'j', 'o', 'b', 'L', 'i', 's', 't', 'i', 'n', 'g', '.', 'h', 't', 'm', '?', 'p', 'o', 's', '=', '1', '1', '5', '&', 'a', 'o', '=', '1', '1', '1', '0', '5', '8', '6', '&', 's', '=', '5', '8', '&', 'g', 'u', 'i', 'd', '=', '0', '0', '0', '0', '0', '1', '8', '5', '1', 'd', 'c', '0', '1', 'd', 'b', 'a', '9', '6', 'e', 'c', '5', 'c', '3', '2', '9', '1', '9', '5', 'c', '7', 'c', '0', '&', 's', 'r', 'c', '=', 'G', 'D', '_', 'J', 'O', 'B', '_', 'A', 'D', '&', 't', '=', 'S', 'R', '&', 'v', 't', '=', 'w', '&', 'c', 's', '=', '1', '_', '6', '4', '1', 'f', '4', '2', 'f', 'b', '&', 'c', 'b', '=', '1', '6', '7', '1', '2', '4', '1', '4', '0', '8', '4', '0', '8', '&', 'j', 'o', 'b', 'L', 'i', 's', 't', 'i', 'n', 'g', 'I', 'd', '=', '1', '0', '0', '8', '3', '3', '7', '7', '7', '0', '5', '8', '7', '&', 'c', 'p', 'c', '=', '5', '4', 'E', 'C', '8', 'D', '0', '6', 'A', '7', '9', '4', 'B', 'D', '9', 'F', '&', 'j', 'r', 't', 'k', '=', '3', '-', '0', '-', '1', 'g', 'k', 'e', 's', '0', '7', 'f', '2', '2', 'c', 'i', '6', '0', '0', '1', '-', '1', 'g', 'k', 'e', 's', '0', '7', 'f', 'o', '2', '8', 'u', 'u', '0', '0', '0', '-', 'd', '7', 'd', 'f', '2', '6', 'b', '8', '4', '8', '7', '7', '7', '2', 'f', '7', '-', '-', '6', 'N', 'Y', 'l', 'b', 'f', 'k', 'N', '0', 'C', 'd', 'V', '6', 'X', 'x', '6', 'l', 'q', 'g', 'V', 'd', 'P', 'h', 'd', 'q', 'X', 'T', 'H', 'l', 'y', 'n', 'k', 'N', 'y', 'q', '_', 'Y', 'L', 'C', 'p', '1', 'U', 'j', 't', '-', 'n', 'B', 'o', 'v', 'F', 'w', 'N', '-', 'D', 'L', 'X', 'r', '_', 'B', 'j', '1', 'u', 'm', 'T', 'i', 'c', 't', '3', '-', 'e', 'F', 'q', 'N', 'i', 'x', 'd', '9', 'N', 'm', 'G', 'j', 'V', 'J', '3', 'f', 'p', '-', 'x', 'N', 'L', 'X', '8', 'I', 'B', 'U', '9', 'O', 'F', '8', 'h', 'I', 'T', 'Y', 'n', 'i', 'j', '7', 'i', 'p', '1', 'p', 'w', '3', 'U', '2', '9', 'x', '5', 'J', 'i', 'G', 'S', 'I', 'V', 'A', 'I', 'f', 'w', 'Z', '1', 'P', '5', 'A', 'W', 'm', 'J', 'g', 'F', 'n', 'y', 'W', '5', 'j', 'U', 'D', 'X', 'E', 'R', 'c', '4', 'u', 'j', 'T', 'N', 'J', '7', 'r', 'E', 'B', 'F', 'n', 'c', '5', '2', 'U', 'C', '7', '4', 'C', '1', 'S', 'T', 'r', 'z', 'u', '-', 'o', 'C', 'f', 'U', 'X', 'i', 'x', '-', 'T', 'S', 'K', 'i', '3', 'F', 'd', '1', '5', 'j', '_', 'F', 'J', 's', '_', 'q', 'c', 't', 'd', 'w', '0', 'X', 'E', 'N', 'x', 'I', 's', '8', '6', 'g', 'I', '-', 'L', 'd', '2', 'R', 'C', 'N', 'J', 'l', '5', 'A', 'k', 'Y', 'f', 't', 'C', 'k', '3', 'W', 'N', 'L', 'U', 'z', '5', 'd', 'C', '3', 'f', 'K', 'O', '_', 'N', 'd', 'w', 'u', 'v', 'L', 'c', 'M', 'Z', 'G', '3', 'Y', 'U', 'Z', 'q', 'Y', 's', 's', 'V', 'J', 'T', 'K', 'S', 't', 'G', 'p', 'D', 'q', 'O', 'E', 'k', 'R', 'b', 'z', '_', '7', 'F', 'G', 'T', 'W', 'O', 'r', 'H', 'q', 'l', 'G', 'f', 'Z', 'C', 'T', 'r', '5', 'y', 'r', 'j', 'I', 'E', 'M', 'D', '5', '4', 'u', 'R', 'h', '1', 'Z', 'L', 'q', '1', 'x', 'x', '5', 'a', 'v', 'P', 'u', 'y', 'C', 'w', 'f', 'Z', 'U', '3', '6', '9', 'e', 'J', 'N', 'w', '8', 'k', 'C', 't', '2', 'b', 'x', '6', '6', '5', '_', '_', 'F', 'E', 'q', '6', 'K', 'O', 'p', 'b', '0', 'K', '1', 'h', '7', '4', 'x', 's', 'J', 'r', 'N', '7', 'K', 'J', '9', 'Y', '2', 't', 'y', 'X', 'B', '5', '0', 'H', 'd', '0', '_', 'a', 'R', 'M', 'v', 'e', 'A', 'M', 'x', '-', 'X', 'V', 'a', '5', 'e', 'z', '7', '9', 'L', 'H', 'O', 'v', 'P', '0', 'l', '5', 'W', '8', 'L', '5', 'd', '-', 'v', 'g', 'Y', 'C', '7', 'A', 'K', '9', 'R', 'L', 'B', 'A', '7', '3', 'o', 'S', 'x', 'M', 'l', 'd', '6', 'P', 'U', '2', 'B', 'i', '5', 'G', 'Y', 'j', 'u', '8', 't', 'a', 'f', '7', 'z', 'A', 'L', 'z', '4', 'x', 'I', 'P', 'r', 'G', 'D', 't', 't', '9', '3', '_', 'F', '_', 'g', 'W', '-', 'o', 'v', 'L', 'L', 'm', 't', 'B', 'm', 'p', 'D', 'c', 'V', 'D', 'W', 'q', '4', 'L', 'f', 'M', 'E', 'G', 'j', 'Z', 'o', 'J', '5', 'I', 'D', '1', 'f', 'U', 'v', 'J', 'v', 'j', 'B', 't', 'p', 'I', 's', 'L', 'A', 'O', '2', 'O', 'J', 'e', 'B', 'k', 'd', 'l', 'K', 'l', '1', 'u', 'B', 'l', 'w', 'Y', 'F', '2', '2', 'i', '_', 'T', 'R', 'x', 'd', 'v', '3', 'n', 'Z', 'U', 'I', 'B', '_', '1', 'K', 'n', 'h', 'g', 'J', '6', '1', 'D', 'b', 'P', 'Z', 'y', 'L', 'H', 'h', 'J', 'E', 'V', 'n', 'P', 'O', 'r', 'W', 'r', '8', 'g', 'p', '_', '7', 'q', 'M', 'Y', 'f', 't', 'h', 'z', 'a', '6', 'W', 's', 'a', 'u', 'Y', 'b', '4', 'S', 'n', 'H', '4', 'S', 'p', '6', 'x', 'P', 'v', 'K', '1', 'n', 'f', 'R', 'r', 'h', 'a', 'v', 't', 'Q', 'B', 'd', 'p', '5', 's', '8', 'u', 'q', 'o', 'm', 't', 'p', 'x', '5', '9', 'v', 'c', 'K', 'u', 'H', 'g', 'f', '3', '8', '1', 'V', 'w', 'Q', 'I', 'Y', 'o', 'e', 'q', 'A', 'r', 'r', 'w', 'l', 'N', '2', '7', 'x', '_', 'X', 'J', 'D', '2', 'M', 'U', 'f', '_', 'J', 'b', '5', 'O', 'Y', 'A', '_', '_', '-', '3', 'b', 'Q', '0', 'W', 'f', '1', 'K', 'J', 'K', 'N', 'A', 'Y', '0', 'x', 'g', 'b', 'N', 'G', 'o', 'i', 'k', 'x', 'a', 'K', 'Y', 'I', 'J', 's', 'l', 'p', 'R', 'F', 'L', 'L', 'q', 'z', 's', 'w', '7', 'M', '2', 'T', 't', '_', 'b', 'X', 'd', 'h', 'l', 'i', '2', 'P', 'h', 'L', '-', 'V', 'y', 'y', 'I', 'A', 'X', 'D', 'M', 'j', '-', 'l', 'x', '2', 'z', 'N', 'h', 'h', '5', 'N', '5', '8', 'f', 'x', 'l', 'S', 'm', 'T', 'O', 'h', 'T', '0', '-', 'w', 'P', 'W', 'f', 'p', 'O', 'C', 'N', 'M', '2', 'w', 'K', 'h', 'w', 'i', 'H', 'k', 'X', 'I', 'h', '4', 'W', 'L', 'c', 'o', 't', '4', '2', 'f', 'W', 'K', '9', 'u', '5', '2', 'r', 'M', 'J', '3', 'k', 'I', '8', 'm', 'N', 'a', 'v', 'p', 'h', 'A', 'r', 'F', 'h', 'g', 'z', 't', 'Z', 'f', 'l', 'd', 'G', '0', 'C', 's', 'h', 'G', 'E', 'x', 'S', 'H', 'c', 'O', '_', 'F', 'y', '0', 'e', 'y', 'w', 'q', 'g', '7', 'q', 'W', 'R', 'i', 'T', 'a', 'y', 'M', 'l', 'A', 'g', '%', '3', 'D', '%', '3', 'D')"
Data Analyst,"Pacific Southwest Container, LLC",$139K - $188K (Glassdoor est.),Modesto,CA,,"('h', 't', 't', 'p', 's', ':', '/', '/', 'w', 'w', 'w', '.', 'g', 'l', 'a', 's', 's', 'd', 'o', 'o', 'r', '.', 'c', 'o', 'm', '/', 'p', 'a', 'r', 't', 'n', 'e', 'r', '/', 'j', 'o', 'b', 'L', 'i', 's', 't', 'i', 'n', 'g', '.', 'h', 't', 'm', '?', 'p', 'o', 's', '=', '1', '1', '6', '&', 'a', 'o', '=', '1', '1', '1', '0', '5', '8', '6', '&', 's', '=', '5', '8', '&', 'g', 'u', 'i', 'd', '=', '0', '0', '0', '0', '0', '1', '8', '5', '1', 'd', 'c', '0', '1', 'd', 'b', 'a', '9', '6', 'e', 'c', '5', 'c', '3', '2', '9', '1', '9', '5', 'c', '7', 'c', '0', '&', 's', 'r', 'c', '=', 'G', 'D', '_', 'J', 'O', 'B', '_', 'A', 'D', '&', 't', '=', 'S', 'R', '&', 'v', 't', '=', 'w', '&', 'c', 's', '=', '1', '_', '1', '6', '0', 'c', 'a', '6', '4', 'a', '&', 'c', 'b', '=', '1', '6', '7', '1', '2', '4', '1', '4', '0', '8', '4', '0', '9', '&', 'j', 'o', 'b', 'L', 'i', 's', 't', 'i', 'n', 'g', 'I', 'd', '=', '1', '0', '0', '8', '2', '1', '6', '5', '4', '8', '0', '7', '3', '&', 'c', 'p', 'c', '=', '8', '5', 'F', 'E', '1', '3', 'F', '7', '0', '0', '4', '3', '8', '7', '6', 'A', '&', 'j', 'r', 't', 'k', '=', '3', '-', '0', '-', '1', 'g', 'k', 'e', 's', '0', '7', 'f', '2', '2', 'c', 'i', '6', '0', '0', '1', '-', '1', 'g', 'k', 'e', 's', '0', '7', 'f', 'o', '2', '8', 'u', 'u', '0', '0', '0', '-', '9', 'a', '8', '0', '6', 'b', '0', '3', '7', '2', '2', '9', 'd', '5', '3', '3', '-', '-', '6', 'N', 'Y', 'l', 'b', 'f', 'k', 'N', '0', 'B', 'q', 'm', 'z', '8', 'X', 'P', 'w', 'V', '4', '-', 'Z', '2', 't', 'c', '3', '5', 's', 'o', 'Z', 'o', '0', 'k', 'F', 'y', 'J', '4', 'k', 'Y', '2', 'L', 'w', 'F', 'M', 'o', '4', 'T', 'e', 'A', 'Z', 'O', '1', 'w', 'R', 'X', 'a', 'j', '9', '1', '1', 'b', 'n', 'J', '7', '7', 'K', 'T', 'O', '5', 'w', 'M', 'L', 'O', 'T', 'I', '2', 'f', '7', 'C', 'M', 'i', 's', '0', 'Q', 'g', 'u', 'z', 'F', 'e', '6', 'S', '8', 'S', 'h', 'F', 'G', 'K', 'o', 'm', 's', 'C', 'A', 'x', 'b', 'W', 'v', 'Q', 'J', 's', 'i', 'X', '4', 'e', '5', 'P', 'M', 'p', 's', 'q', 'm', 'H', 'B', 'a', 'i', 'h', 'e', '9', 'Y', '-', '2', 'G', '6', 'v', '9', 'S', 's', 'u', 'o', 'A', 'R', 'b', 'S', 'u', '_', 'i', 'm', '9', 'i', 'b', 's', 'O', 'V', '5', 'f', 'Y', '3', 'H', 'A', 'H', 'g', 'm', 'A', 'I', '_', 'J', 'D', 'y', 'I', 'L', 'S', 'b', '8', 'S', 't', '_', 'J', 'G', 'B', 'C', 'A', 'C', '5', 'n', 'E', 'Q', 'o', 'N', 'C', 'r', 'N', 'O', 'Q', 'N', 'B', 'O', 'C', 'i', '4', 'X', 'Y', 'p', 'i', 'v', 'c', 't', 'b', 'E', 'A', 'Z', 'S', 'g', 'v', 'D', '4', 'O', 'w', 'V', 'D', '_', '3', 'r', 'a', 'w', 'n', 'n', 'G', 'E', '2', 'K', 'q', '1', 'G', 'j', 'w', '5', 'X', 'Y', 'M', 'F', 'k', 'O', 'F', 'H', 'M', 'E', 'c', '3', 'm', '2', 'd', 'F', 'm', 'g', 'S', 'z', 'k', '4', 'r', 'E', 'b', 'y', 'S', 'Z', 'S', 'P', 'V', 'G', '8', 'o', 'y', 'S', '6', 'H', '4', 'C', 'y', 'H', 'b', 'M', 'B', 'K', 'F', '-', 'D', 'Z', '-', '-', 'C', 'r', 'F', 'k', 'e', '5', 'l', '8', '6', 's', 't', 'u', '0', 'J', 'c', 'D', 'l', 'Z', '_', 'U', 'l', 'N', '4', 'N', 'x', '8', 'f', 'g', 'p', 'y', 'N', 'e', 'x', '5', 'f', 'd', 'd', 'W', 'q', 'Z', '5', 'f', '7', 'V', '4', '6', '9', 'g', 'm', 'Y', 'g', 'b', 'v', 's', 'i', 'y', '2', 'O', 'S', 'B', 'T', 'j', 'Q', 'a', '-', 'V', 'l', 'l', 'M', 'Z', '-', 'D', 'F', 'N', 'w', 'd', 'u', 'Q', 'w', 'u', 'l', 'k', 'P', 'A', 'w', 'j', 'F', '6', 'G', 'x', 'K', '1', 'H', '8', 'h', '9', 'S', 'P', '9', '-', 'J', 'z', 'q', 'z', 'n', 'C', 'f', 'c', '-', 'k', 'z', '2', 'N', '9', 'G', 'R', 'H', 'P', 'f', 'o', 'i', 'j', 'm', 'L', '0', 'h', 'Q', 'r', 'j', 'X', '2', 'o', 'r', 'W', '1', 'a', '4', 'N', 'p', 'o', 'X', '2', 'v', 'a', 'j', 'H', 'X', 'N', 'E', '-', 'w', 'n', '9', '-', '8', '5', '8', 'h', 'd', '-', 'U', 'N', '3', '1', 'r', 'z', 'e', 'O', 'o', 'h', '4', 'j', 'u', 'N', 'C', 'i', 'Y', 'z', 'x', 'y', '-', 'M', 'k', 'w', 'k', 'v', 'd', 't', 't', 'e', 'V', 'M', 'M', 't', 'q', 'I', 'S', 'f', 'n', 'L', 'j', 't', 'w', 'k', 'Y', 'g', '9', 'i', 'K', 'o', 't', '5', 'g', 'b', 'm', 'X', 'F', '8', 'h', '2', 'T', 'b', 'Q', 'r', 'y', 'M', '1', '4', 'g', 'l', 'd', 'W', '0', 'h', 'C', 'k', 'N', 'y', 'v', 'S', 'Q', 'l', '3', 'o', 'k', 'K', 'x', 'j', '7', 'F', 'j', 'd', '2', 'b', 'z', 'j', 'd', '3', 'i', 't', 'L', '8', 'E', 'q', 't', '6', '2', 'N', '3', 'm', 'V', '2', 'v', 'l', 'x', 'X', 'X', 'J', '_', '4', 'R', 'l', 'q', 'U', 'B', 'K', 'n', 'A', '9', '1', 'd', 'j', 'M', '7', '8', 'G', 'Y', '7', 'Q', '8', 'B', 'l', 'k', 'V', 'y', 'u', '0', 'u', '_', 'k', 'y', 'c', '2', 'w', 'g', 'P', '_', 'u', 'u', '1', 'b', 'U', 'k', '_', 'f', 'K', 'b', 'T', 'P', 'p', 'M', 'Y', 'i', 'L', '8', 'F', '6', 'm', 'v', 'g', '8', 'K', 'Z', 'E', 'O', 'c', 'Q', 'Z', 'h', 'W', 'R', '6', 'g', 'M', 'O', 'A', 'j', 'T', '0', 'w', 'I', '3', 'L', 'Y', 'd', 'P', 'E', 'A', '2', 'A', '7', '5', 'V', 'P', 'X', 'c', 'b', 'x', 'Q', 'D', 'B', 'Q', 'p', 'Y', 'C', 'j', 'Q', 'l', 'm', 'b', '9', '8', 'q', 'Z', 's', 'f', 'Q', 'h', 'E', 'b', 'm', 'h', 'c', 'o', 'b', 'x', 'n', '-', 'S', 'N', 'P', 'h', '7', 'O', '9', 'b', '8')"
"Senior ASIC Design Engineer, Memory Controller - Data Center",NVIDIA,$69K - $105K (Glassdoor est.),Santa Clara,CA,,"('h', 't', 't', 'p', 's', ':', '/', '/', 'w', 'w', 'w', '.', 'g', 'l', 'a', 's', 's', 'd', 'o', 'o', 'r', '.', 'c', 'o', 'm', '/', 'p', 'a', 'r', 't', 'n', 'e', 'r', '/', 'j', 'o', 'b', 'L', 'i', 's', 't', 'i', 'n', 'g', '.', 'h', 't', 'm', '?', 'p', 'o', 's', '=', '1', '1', '8', '&', 'a', 'o', '=', '1', '1', '1', '0', '5', '8', '6', '&', 's', '=', '5', '8', '&', 'g', 'u', 'i', 'd', '=', '0', '0', '0', '0', '0', '1', '8', '5', '1', 'd', 'c', '0', '1', 'd', 'b', 'a', '9', '6', 'e', 'c', '5', 'c', '3', '2', '9', '1', '9', '5', 'c', '7', 'c', '0', '&', 's', 'r', 'c', '=', 'G', 'D', '_', 'J', 'O', 'B', '_', 'A', 'D', '&', 't', '=', 'S', 'R', '&', 'v', 't', '=', 'w', '&', 'c', 's', '=', '1', '_', '2', '0', '1', 'f', 'a', '7', '3', '1', '&', 'c', 'b', '=', '1', '6', '7', '1', '2', '4', '1', '4', '0', '8', '4', '0', '9', '&', 'j', 'o', 'b', 'L', 'i', 's', 't', 'i', 'n', 'g', 'I', 'd', '=', '1', '0', '0', '8', '1', '4', '9', '1', '5', '8', '4', '7', '9', '&', 'c', 'p', 'c', '=', '4', '8', 'A', '2', 'A', '0', '1', 'C', 'E', '2', '4', 'D', 'A', '9', '2', 'D', '&', 'j', 'r', 't', 'k', '=', '3', '-', '0', '-', '1', 'g', 'k', 'e', 's', '0', '7', 'f', '2', '2', 'c', 'i', '6', '0', '0', '1', '-', '1', 'g', 'k', 'e', 's', '0', '7', 'f', 'o', '2', '8', 'u', 'u', '0', '0', '0', '-', '8', '1', 'e', '8', '1', '0', 'a', '6', '0', 'a', 'd', 'f', '0', '1', 'a', '1', '-', '-', '6', 'N', 'Y', 'l', 'b', 'f', 'k', 'N', '0', 'C', 't', '1', 'e', 'Y', 'Y', 'w', '2', 'b', 'k', '7', 'i', 'm', 'X', 'k', 'Z', 'B', 'z', 'k', 'v', 'C', 'z', 't', 'K', 'e', 'S', 'w', 'Y', 'w', '_', '6', 'r', 'M', 'L', 'V', '1', '-', 'V', 'T', 'k', '7', 'h', 'Z', '8', 'D', 'c', '-', 'x', 'S', 'X', 'H', 'T', '9', '1', '0', 'm', 'j', '3', 'h', 'r', 'g', '8', '7', '_', 'b', 'c', 'S', '1', 'n', 'k', 'R', '7', '4', 'W', 'Z', 'K', 'R', 'j', 'O', 'j', 'z', '2', 'G', 'y', 'S', 'U', 'v', 'b', '6', 'l', 'w', 't', '4', 'q', 't', 'm', '-', 'B', 'Q', 'C', 'v', '8', 'x', 'y', 'C', 'H', 'k', 'a', 'D', 'v', 'V', 'H', 'X', 'b', 'b', '_', 'i', 'B', 'c', 'S', 'M', 'x', 'O', 'S', 'K', '2', '7', 'o', 'O', 'J', 't', 'e', 'Q', '3', '4', 'C', 'w', '4', 'd', 'h', 'K', 'Q', 'k', 'q', 'z', 'n', 'i', 'W', 'G', 'V', 'Z', 'n', 'H', 'X', 'Z', 'p', '-', 'e', 'X', 'S', 'H', 'h', '_', 'Q', 'a', 'L', 'C', 'E', 'm', '4', '-', 'T', 'o', 'T', '3', 'A', '8', 'l', 'I', 'b', 'P', 'X', 'v', 'w', 'I', '7', 'a', 'Q', '0', 'R', 'w', 'S', 'y', 'r', 'E', 'q', 'F', 'X', 'l', 'p', 'x', 'J', 'l', 'I', 'T', 'U', '8', '2', '9', 't', '8', 'v', 'L', 'X', 'k', 'j', 'C', '_', 'w', 'j', '1', 'm', '0', 'l', 'p', 'F', 'r', 'C', 'J', '2', 'X', 'u', '5', 's', 'E', 'i', 'C', 'm', 's', 'r', 'X', 'N', '8', 'G', 'B', 'Y', 'U', 'x', 'M', 'b', 'g', 'O', '_', 'V', 'Z', 'P', 'j', 'q', 'A', 'p', 'l', 'V', '4', 'L', 'i', '7', 'U', 't', 'W', 'Q', 'k', 'b', '4', 'x', '7', 'H', 'a', 'm', 'Y', 'W', 'O', 'i', 'X', 'U', '6', 'H', 'S', 'g', 'O', 'H', 'j', '0', '_', 'J', 'E', 'u', '8', 'K', 'w', 'd', 'O', 'q', 'f', '7', 'Y', 'W', 'D', 'd', 'r', 'r', 'P', 'C', 'l', 'V', 'n', 'M', 'G', 'C', '2', 'T', '3', '5', '_', 'Y', '3', 'J', 'W', 'w', '1', '2', 'v', 'p', 'y', 'R', 'K', 'F', 'K', 'Y', 'U', 'N', '9', 'H', 'x', '5', 'Z', 'b', '8', 'i', 'r', '8', 'I', 't', 'i', 'R', '7', 'z', 'E', 'Q', '7', 'Q', 'I', 'l', 'W', 'j', 'a', 'C', 'y', 'L', 'W', '2', 'R', 'E', 'X', 'P', 'i', 'L', 'v', 'g', '2', 'X', 'v', 'V', 'k', 'I', 'Y', 'W', 'Y', 'j', 'i', 'E', 'P', 'Y', 'j', 'a', 'Y', 'T', 'd', 'P', 'T', 'Q', '_', '7', 'h', '7', '0', 'f', '9', 'z', 'G', 'j', '7', 'H', 'i', 'T', 'R', 'U', '3', 'I', 'D', 'g', 'H', 'f', 'c', 'x', 'o', '3', 'h', 'T', '3', 'c', 'q', 'Z', 'T', '0', 'k', 'K', 'o', 'U', '-', 'y', '6', 'n', '_', 'G', 't', 'p', 'q', 'Y', 'I', 'V', 'm', 'T', 'A', '1', 't', 'm', 'A', 'i', 'o', 'y', 'u', 'C', 'G', 'L', 'W', 'k', 'u', '_', 'J', '7', 'q', '3', 'J', '-', 'D', 'P', 'U', '6', 'n', 'x', 'n', 'O', 'x', '0', 'B', '6', 'O', 'y', 'V', 'b', 'J', 'D', 'x', 'W', 'l', 'm', '5', 'D', 'u', 'a', 'T', 'E', '8', '_', 'Z', 'A', 'g', 'y', 'a', '6', 'n', '2', 'G', 'v', 'A', '-', 'z', '0', 'k', 'c', 'D', 'S', '8', 'O', 'U', 'n', '4', 'U', 'h', 'D', 'U', '5', 'a', 's', '4', 'G', 'i', 'z', 'e', 'y', 'w', 'v', '3', 'O', 'w', '8', 'S', 'u', 'h', 'E', 'P', '5', 'u', 'm', 'U', '-', 'e', 'o', '6', 'W', 'H', 'v', 'l', 'T', 'j', 'b', 'L', '7', 'a', 'P', '_', '_', 'p', 'V', 'S', 'S', 'R', 'r', 'S', 'f', '6', 'W', 'b', 'o', 'O', 'c', 'D', '-', 'a', '2', 'O', 'M', 'O', 'z', 'U', 'L', '8', '1', 'b', 'U', 'a', 'A', 'N', 'F', 'b', 'y', 'f', 'F', 'W', 'g', 'T', 'L', '-', '8', 'J', 'Y', 'y', 'W', 'O', 'w', '8', 'l', 'm', 'M', 'v', '_', 'e', 'G', 'q', 'a', 'X', 'a', 'D', 'F', 'z', 'o', 'S', '2', 'D', 'N', 'b', 'e', 'p', 'U', 'b', 'E', 'U', 'T', 'S', 'c', 'p', 'V', 'g', 'V', 'm', 'K', 'o', '-', 'E', 'B', 'C', '5', '0', 'x', 'D', 'J', 'L', '_', 'w', 'e', 'i', 'O', 'z', 'h', 'G', 'E', 'S', 'q', 'I', 'E', 'B', 'l', 'b', 'W', 'z', 'M', 'r', 'p', 'z', 'O', 's', 'x', 'F', 'U', 'Q', 's', 'H', 'd', '_', 'w', 'n', 'H', '3', 'C', 'Z', 's', 'J', 'I', 'R', 'm', 'o', 'd', 'p', 'R', 'A', 'b', 'o', 'o', 'd', 'S', '5', 'n', 'x', 'c', 'O', 'e', 'D', 'J', 'T', 'H', '8', 'h', 'N', 'T', 'J', '1', 'W', 'e', 'P', 'f', 'Q', 'm', 'E', 'B', 'd', 'K', '-', 'V', '-', '2', 'P', 'B', 'H', 'S', 'L', '_', 'f', 'I')"
"Manager, Data Science",Wings Financial Credit Union,$48K - $76K (Glassdoor est.),Apple Valley,MN,,"('h', 't', 't', 'p', 's', ':', '/', '/', 'w', 'w', 'w', '.', 'g', 'l', 'a', 's', 's', 'd', 'o', 'o', 'r', '.', 'c', 'o', 'm', '/', 'p', 'a', 'r', 't', 'n', 'e', 'r', '/', 'j', 'o', 'b', 'L', 'i', 's', 't', 'i', 'n', 'g', '.', 'h', 't', 'm', '?', 'p', 'o', 's', '=', '1', '2', '0', '&', 'a', 'o', '=', '1', '1', '1', '0', '5', '8', '6', '&', 's', '=', '5', '8', '&', 'g', 'u', 'i', 'd', '=', '0', '0', '0', '0', '0', '1', '8', '5', '1', 'd', 'c', '0', '1', 'd', 'b', 'a', '9', '6', 'e', 'c', '5', 'c', '3', '2', '9', '1', '9', '5', 'c', '7', 'c', '0', '&', 's', 'r', 'c', '=', 'G', 'D', '_', 'J', 'O', 'B', '_', 'A', 'D', '&', 't', '=', 'S', 'R', '&', 'v', 't', '=', 'w', '&', 'e', 'a', '=', '1', '&', 'c', 's', '=', '1', '_', '6', '5', 'f', '1', '8', '6', '6', 'c', '&', 'c', 'b', '=', '1', '6', '7', '1', '2', '4', '1', '4', '0', '8', '4', '1', '0', '&', 'j', 'o', 'b', 'L', 'i', 's', 't', 'i', 'n', 'g', 'I', 'd', '=', '1', '0', '0', '8', '3', '2', '4', '5', '4', '2', '6', '1', '9', '&', 'c', 'p', 'c', '=', '8', 'B', 'B', '0', '9', '2', 'B', 'D', '9', '3', '4', '6', '4', '5', 'D', 'B', '&', 'j', 'r', 't', 'k', '=', '3', '-', '0', '-', '1', 'g', 'k', 'e', 's', '0', '7', 'f', '2', '2', 'c', 'i', '6', '0', '0', '1', '-', '1', 'g', 'k', 'e', 's', '0', '7', 'f', 'o', '2', '8', 'u', 'u', '0', '0', '0', '-', '1', '3', '5', 'c', '5', 'c', 'f', 'd', '1', 'c', 'd', '1', '3', 'f', 'e', '7', '-', '-', '6', 'N', 'Y', 'l', 'b', 'f', 'k', 'N', '0', 'C', 'j', 'E', 'f', 't', 's', 'I', 'p', 'h', '-', 'A', 'H', 'D', 'J', 'x', '-', 'S', 'L', '2', 'X', 'n', 'X', 'x', 'V', 'u', 'H', 'l', '7', 'S', 'd', 'c', 'U', 'q', 'u', '9', 'i', 'z', 'X', 'B', 'V', '9', 'r', 'O', '9', 'Q', '6', 't', '1', 'L', 'I', 'L', 'G', '2', '2', 'Y', 't', 'S', 'q', 'Q', '2', '9', '9', 'C', 'M', 'l', 'Z', 'U', 'C', 'X', 'A', '6', 'R', '4', 'Y', 'U', 'U', 'e', 'U', 'K', '8', '-', '4', 'C', 'a', 'K', 'A', 'D', 'b', 'd', 'P', 'k', 'j', 'q', 'X', '7', 'a', 'J', '5', 'J', 'n', 'd', 'f', 'J', 'o', 'M', 'f', 'r', 'K', '2', '6', 'R', 'N', 'E', 'c', 'g', 'C', 'g', '0', 'r', 'd', 'D', 'O', 'e', 'A', 'K', 't', 't', 'B', '8', 'T', 'R', 'q', '7', 'l', 'B', '4', 'L', 'p', '0', 'J', 'a', 'q', 'g', 'U', 'j', 'Z', 'N', '2', 'j', 's', 'N', '0', 'E', 'V', 'j', '_', 'S', 'L', '2', '3', 't', 'H', 'k', 'D', '8', 'O', 's', '8', 'v', '4', 'C', 'D', 'Q', 'R', 'L', 'a', '8', 'O', 'x', 'U', 'X', 'K', 'u', 'G', '3', 'c', 'Y', 'S', 'C', '_', 'e', 'I', 'L', 'P', 'o', 'J', 'U', '6', 'F', 'w', 'b', 'P', 'J', 'x', '9', 'q', 'o', 'W', 'a', 't', 'H', 'e', 'J', 'W', 't', 'h', 'A', '0', 'X', 'm', 's', 't', 'C', 'w', '3', 'l', 'e', 'R', 'S', 'b', '-', 'I', 'm', 'v', 'D', 'm', '2', 'A', 'N', 'u', 'x', 'S', 'T', 'L', '_', 'B', 'J', 's', 'N', '9', 'c', 'f', 'Y', 'I', 'R', 'w', 'k', 'V', 'w', 'W', 'X', 'F', 'r', 'f', 'K', 'r', 'G', '_', 'K', '2', 'p', 's', '_', 'H', 'N', 'U', 'z', 'P', 'g', 'K', 'w', 'A', 'D', 'A', 's', 's', 'f', 'N', 'c', '7', 'k', 'D', 's', 'e', 'F', '6', 'R', 'o', '7', 's', 'R', 'e', '6', 'K', 'S', 'F', 'X', 'u', '4', 'h', 'g', 'K', 'b', 'l', '8', 'h', 'j', 'c', 'Z', 'u', 'g', 'f', 'F', 'z', 'M', 'y', 'P', 'H', 'S', 'R', 'j', 'M', '3', 'H', 'X', 'k', 'm', 'w', 't', 'Q', 'c', 'T', 's', 'k', 'o', 'f', 'u', 'z', 'Y', 'Z', 'g', 'D', '2', 'm', 'A', 'h', 'e', '8', '3', 't', 't', 'n', 'w', 'O', 'M', 'R', 'S', '_', 'z', '4', 't', 'H', 'D', '_', '3', 'n', 'I', 'Z', '5', 'k', 'w', 'v', '0', 'U', 'E', 'u', '1', 'a', '5', 'v', 'K', '8', 'i', 'Q', 'T', 'W', 'F', 'V', 'b', 'I', '5', 'i', 't', 'U', 'M', 'F', 'q', 'm', 'R', 'R', 'U', 'i', 'f', 'g', 'z', 'C', '7', 'e', 'M', '4', 'O', 'a', '8', 'K', 't', 'k', 'S', 'g', 'X', '6', 's', 'G', 'L', 'H', 'o', 't', 'f', 'B', 'k', 'h', '_', 'A', 'S', 'S', 'i', 'h', '6', 'D', 'g', '2', 'd', 'L', 'O', 'l', '-', 'i', '4', 'R', 'g', 'Z', 'O', '_', 'm', 'h', '2', 'B', '4', 'z', 'G', 'S', 'M', 'I', 'J', '_', 'T', 'N', 'Q', 'w', 'i', '7', 'H', 'N', 'Q', '6', 'l', 'd', 'a', 'S', 'e', 'x', 'h', '5', 'T', '2', 'M', 'S', '4', 'Z', 'V', 'x', 'P', 'A', 'X', 's', 'B', '-', 'z', 't', 'A', 'x', 'B', 'W', 'D', 'I', '_', 'E', 'T', 'Y', 'M', 'l', 'A', 'E', 'B', 'k', 'E', '6', 'h', '3', 'R', '7', 'U', '5', 'O', 'c', 'Y', '5', '5', '3', 'X', 'E', 'k', '7', '0', 'N', 'D', 'L', 'I', 'w', 'M', 'L', 'R', 'r', 'y', '2', 'T', 'v', 'i', '7', '6', 'w', 'w', 'E', 'H', '6', 'D', 'x', 'c', 'b', 'n', '4', 'q', 'i', 'p', 'Q', 'B', 'L', 'M', 'N', 'X', '6', 'z', 'r', 'Y', 'M', 't', 'm', 't', 'o', 'D', 'y', 'p', 'D', 'z', 'T', '8', 'i', '_', 'i', 'F', 'w', 'H', 'n', 'C', '1', 'g', 'e', 's', 'Z', 'R', 'S', 'H', 'U', 'u', 'O', 'x', '0', 'G', 'Z', 'h', 'g', 'I', 'a', 'z', 'y', 'X', 'q', 'i', 'Y', '-', 'a', 'b', 't', 'y', 'A', 'I', '1', 'g', 's', 'z', 'O', '8', 'b', 'C', 'd', 't', 'n', 'j', 'Y', '3', 'l', '0', 'L', '-', 'b', 'd', 'm', 'M', 'd', 'M', 'H', '2', 'F', 'F', '_', 'j', 'p', 'O', 'a', 'r', 'U', 'c', 'a', 'e', '9', 'H', '9', 'L', 'R', 'p', 'h', '-', 'l', 'K', 'T', 'U', 'C', '-', 't', 'S', 'p', 'G', 'M', 'G', 'M', 'X', '0', 'J', 's', 'A', '_', 'q', 'S', 'P', '7', 'u', '1', '4', 'o', 'g', '_', '9', 'l', 'n', 's', 'h', 'G', 'Y', 'g', 'h', 'o', '1', 'S', 'w', 'b', 'D', '5', '7', 'J', 'T', 'K', 'o', 'v', 'i', 'y', 'j', 'b', 'D', 'l', 'Q', 'd', '2', 'Z', 'a', 'B', 'U', 'D', 'X', 'j', 'w', 'N', '4', 'P', '4', '5', 't', 'c', 'b', 's', 'X', 'N', 'V', 'G', 'i', 'd', 'Q', 'a', 'b', 'Z', 'k', '0', '9', 'r', 'Q', 'Z', 'r', '9', 'g', '6', 'X', 'u', '3', '7', 'B', 'Q', 'g', 'x', 'e', 'A', 'T', 'Z', 'N', 'a', 'x', 'e', 'N', 'F', 'U', 'G', 'v', 'E', 'C', 'a', 'u', 'd', 'j', '7', 'o', 'D', '0', 'G', '1', 'j', 'f', 'z', 'I', '2', 'c', '-', 't', '0', 'B', 'M', 'm', 'i', 'e', '5', '1', 'H', '4', '3', 'b', '3', '8', 'M', 'e', 'x', 'K', 'E', 'B', 'r', 'f', 'h', 'N', 'x', 'A', 'x', 'M', '9', 'k', 'r', 'v', 'O', 'S', 's', 'R', 'j', 'b', '-', 'W', '7', 'S', 'A', '_', 'b', 's', '%', '3', 'D')"
Data Analytics Lead/Manager,Darn Tough Vermont / Cabot Hosiery Mills,$86K - $126K (Glassdoor est.),Waterbury,VT,,"('h', 't', 't', 'p', 's', ':', '/', '/', 'w', 'w', 'w', '.', 'g', 'l', 'a', 's', 's', 'd', 'o', 'o', 'r', '.', 'c', 'o', 'm', '/', 'p', 'a', 'r', 't', 'n', 'e', 'r', '/', 'j', 'o', 'b', 'L', 'i', 's', 't', 'i', 'n', 'g', '.', 'h', 't', 'm', '?', 'p', 'o', 's', '=', '1', '2', '1', '&', 'a', 'o', '=', '1', '1', '1', '0', '5', '8', '6', '&', 's', '=', '5', '8', '&', 'g', 'u', 'i', 'd', '=', '0', '0', '0', '0', '0', '1', '8', '5', '1', 'd', 'c', '0', '1', 'd', 'b', 'a', '9', '6', 'e', 'c', '5', 'c', '3', '2', '9', '1', '9', '5', 'c', '7', 'c', '0', '&', 's', 'r', 'c', '=', 'G', 'D', '_', 'J', 'O', 'B', '_', 'A', 'D', '&', 't', '=', 'S', 'R', '&', 'v', 't', '=', 'w', '&', 'e', 'a', '=', '1', '&', 'c', 's', '=', '1', '_', 'f', '6', 'd', 'c', '1', '1', '8', 'b', '&', 'c', 'b', '=', '1', '6', '7', '1', '2', '4', '1', '4', '0', '8', '4', '1', '0', '&', 'j', 'o', 'b', 'L', 'i', 's', 't', 'i', 'n', 'g', 'I', 'd', '=', '1', '0', '0', '8', '2', '5', '7', '2', '6', '6', '2', '5', '2', '&', 'c', 'p', 'c', '=', '8', '5', 'A', '3', 'C', 'A', '4', '0', '1', '4', 'E', '9', '6', '8', '1', '8', '&', 'j', 'r', 't', 'k', '=', '3', '-', '0', '-', '1', 'g', 'k', 'e', 's', '0', '7', 'f', '2', '2', 'c', 'i', '6', '0', '0', '1', '-', '1', 'g', 'k', 'e', 's', '0', '7', 'f', 'o', '2', '8', 'u', 'u', '0', '0', '0', '-', '3', '8', '0', '1', 'd', 'b', '0', 'd', '7', '5', '6', '8', '2', '8', '9', 'c', '-', '-', '6', 'N', 'Y', 'l', 'b', 'f', 'k', 'N', '0', 'B', 'O', 'n', 'R', '4', '0', 'u', 'E', 'z', 'P', 'T', 'q', 'b', 'I', 'j', 'p', 'i', 'C', 'V', 'b', '3', 'i', 'r', 'X', '0', 'H', 'I', 'D', '8', 'r', 'g', 'V', 'S', 'p', 'N', '7', '7', 'k', 'N', 'i', '0', 'D', 'U', 'g', 'V', 'B', '6', 'L', 'f', 'g', 'K', 'Y', 'b', 'o', '5', 'p', 'N', '2', '7', '1', 'Z', 'c', 'g', '8', 'H', 'E', 'a', 'r', 'N', 'q', '-', 'L', 'Y', 'X', 'n', 'X', 'l', 'l', 'c', 'X', '2', 'G', '8', 'T', 'r', 'y', 'k', 'f', '5', '0', '1', 'U', 'd', 'y', 'H', 'Q', 'F', '_', 's', 'G', 'Q', '1', 'n', '8', 'c', 'k', 'R', 'B', 'x', 'G', 'N', '2', '3', 'i', 'H', 'A', 'K', 'X', 'J', 't', 'x', 'e', 'E', '_', 'i', 'd', '6', 'c', 'k', 'D', '0', 'M', 'H', 'B', 'i', 'Y', 'M', 'a', 'J', 'D', '0', 'X', 'z', 'V', 'E', 'E', 'r', 'G', 'E', 'T', '3', 'b', 'E', 'O', 'S', 'J', 'z', 'Y', 'I', '8', 'X', 'Q', '6', '5', 'k', 'u', 'b', 'M', 'i', 'f', 'P', 'K', 'A', '4', 'w', 'F', '9', 'V', 'y', 'V', 'H', 'S', 'c', 'H', 'p', '6', 'Z', '0', 'v', 'P', 'y', 'i', 'r', '5', 'k', 'n', 'F', 'Y', 's', 'l', '1', '8', 'd', 'U', 'z', 'S', 'p', 'G', '9', 't', 'd', 'p', 'v', 'B', '6', 'm', 'G', 'x', 'H', 'G', 'E', 'h', 'j', 'x', 'F', 'h', 'a', 'j', 'U', 'm', 'o', 'J', 'z', 'u', '4', 'r', 'e', 'k', 'q', 'z', 'U', 'R', 'Q', '_', 't', '_', 'f', 'K', '0', 'd', 'F', 'M', '8', 'n', 'O', 't', 'd', 'X', 'g', 's', 'U', 'G', '4', 'j', '2', 'y', 'r', '-', 'u', 'D', 'I', 'M', 'z', 'R', '8', 'N', 'c', 't', 'i', 'G', '3', '8', '1', '4', 'a', 'o', 'N', 'w', 'b', 'z', 'J', 'i', 'h', 'b', 'h', 'u', 'T', 'a', 'r', 'o', 'K', '_', 'g', 'S', 'q', 'c', 'm', 'G', 'A', '4', 'n', 't', 'Q', '0', 'V', 'M', 'Q', '0', 'O', 'r', 't', 'g', '1', 'O', 'd', '3', 's', 'p', 'D', 'o', 'O', 'b', 's', '1', '3', 'd', 't', 'E', 'A', 'f', 's', 'A', 'p', 'P', '9', 'W', 'd', 'b', 'N', 'o', 'n', 'X', '2', 'D', 'f', '6', '9', 'p', '5', '7', 's', 'c', 'f', 'p', 'S', 'e', 'm', 'Q', 'I', 'F', 'I', 'H', '6', 'S', 'N', 't', 'j', 'g', 'Z', 's', 'i', '3', 'V', 'W', 'C', '9', 'p', 'P', 't', 'M', 'u', 'F', 'i', 'o', 's', 'j', '1', '2', 'l', 'd', 'C', 'I', 'r', 'u', '8', 'O', '3', 't', 'U', 'g', 'Q', 'r', '_', '3', 'X', 'r', 'W', 'Q', 'u', 'o', 'o', 'S', 'C', '5', 'Q', '-', 'p', 'e', 'i', 'l', 'Z', 'y', 'B', 'f', 'T', '-', 'w', 'u', '_', 'o', 'Y', 'I', 'N', '9', 'f', '5', 'u', 'c', 'j', 'N', 't', 'y', '_', 'v', 'u', 'x', 'W', 'o', 'x', 'B', 'J', 'v', '1', 'H', 'P', 'C', 'N', 'K', 'y', 's', 'f', 'O', 't', 'F', 't', 'S', 'v', 'x', '_', 'V', 'x', '-', 'V', 'G', 'n', 'Z', 'V', 'D', '2', 'W', 'q', '9', '7', '7', 'j', '6', '6', '5', 'q', 'r', 'X', 'p', 'Q', '8', '9', 'R', '_', 'A', '_', 'u', 'z', '9', 'K', '9', 'e', 'i', 'd', 'F', 'j', 'K', '1', 'p', 'q', '3', 'n', 'y', 'E', '4', 'v', 'S', 'D', '_', 'T', '_', 'T', 'y', 'o', 'D', 'e', 'L', 'X', 'I', 'l', 'G', 'h', 'a', '9', 'S', 'Z', 'c', 'u', 'p', 'J', 'N', 'b', 'v', 'j', 'X', 'o', 'z', 'b', '5', '7', 'C', 'Y', 'Y', 'h', 'A', 'z', 'q', 'S', 'v', 'i', 'T', 'W', 'B', 'L', '6', 'n', 'O', '1', 'U', 'd', '-', '7', 'R', 's', 'a', 'Z', 'o', 'a', 'S', '6', 'q', 'L', 'S', 'Q', 'Z', 'N', 'P', 'N', 'W', 'u', '2', 'F', '-', 'R', 'P', 'K', 'k', 's', '4', 'h', 'S', 'g', 'l', 'f', '1', '2', 'A', '%', '3', 'D', '%', '3', 'D')"
Data Architect,Strategic Link Consulting,$56K - $82K (Glassdoor est.),Kennesaw,GA,,"('h', 't', 't', 'p', 's', ':', '/', '/', 'w', 'w', 'w', '.', 'g', 'l', 'a', 's', 's', 'd', 'o', 'o', 'r', '.', 'c', 'o', 'm', '/', 'p', 'a', 'r', 't', 'n', 'e', 'r', '/', 'j', 'o', 'b', 'L', 'i', 's', 't', 'i', 'n', 'g', '.', 'h', 't', 'm', '?', 'p', 'o', 's', '=', '1', '2', '6', '&', 'a', 'o', '=', '1', '1', '1', '0', '5', '8', '6', '&', 's', '=', '5', '8', '&', 'g', 'u', 'i', 'd', '=', '0', '0', '0', '0', '0', '1', '8', '5', '1', 'd', 'c', '0', '1', 'd', 'b', 'a', '9', '6', 'e', 'c', '5', 'c', '3', '2', '9', '1', '9', '5', 'c', '7', 'c', '0', '&', 's', 'r', 'c', '=', 'G', 'D', '_', 'J', 'O', 'B', '_', 'A', 'D', '&', 't', '=', 'S', 'R', '&', 'v', 't', '=', 'w', '&', 'e', 'a', '=', '1', '&', 'c', 's', '=', '1', '_', '1', '5', 'f', '7', '8', '8', '9', '4', '&', 'c', 'b', '=', '1', '6', '7', '1', '2', '4', '1', '4', '0', '8', '4', '1', '1', '&', 'j', 'o', 'b', 'L', 'i', 's', 't', 'i', 'n', 'g', 'I', 'd', '=', '1', '0', '0', '7', '9', '6', '2', '2', '9', '9', '9', '1', '7', '&', 'c', 'p', 'c', '=', '9', 'D', '6', 'F', '0', 'C', '3', '0', 'B', '1', '8', '3', '8', 'A', '0', '4', '&', 'j', 'r', 't', 'k', '=', '3', '-', '0', '-', '1', 'g', 'k', 'e', 's', '0', '7', 'f', '2', '2', 'c', 'i', '6', '0', '0', '1', '-', '1', 'g', 'k', 'e', 's', '0', '7', 'f', 'o', '2', '8', 'u', 'u', '0', '0', '0', '-', '9', '8', '0', '3', 'f', '9', 'e', 'c', '7', 'b', 'e', '9', '1', '5', '5', '5', '-', '-', '6', 'N', 'Y', 'l', 'b', 'f', 'k', 'N', '0', 'C', '7', 'j', '6', 'E', 'b', 'U', 's', 'Y', 'd', 'U', 'x', 'S', 'S', 'n', '9', 'S', 'n', 'J', 'U', '9', 'P', 'J', 's', 'b', 'R', '7', '2', '3', 'H', '2', 'N', '3', 'A', 'C', 'l', 'Z', 'c', 'L', '2', 'S', 'f', '6', 'L', 'O', 'K', 'q', 'p', 'a', 'a', 'E', 'N', 'o', 'E', '-', 'v', 't', '2', 'e', '9', 'W', 'Z', 'Y', '-', 'j', 'l', 'A', 'R', '-', 'U', 'I', 'g', 'L', 'Z', 'q', 'b', 'i', 'U', 'x', 'j', 'K', 'i', 'j', 'H', 'V', 'F', 'J', 'I', 'p', 'G', 'T', 'X', '4', 'e', 'i', 'C', 'p', 'T', 'W', '7', 'u', 'L', 'u', 'G', 'R', 'O', 'i', 'Q', '3', 'i', 'F', 's', 'g', 'C', 'Z', 'E', 'G', 'z', 'E', 'Y', 'n', 'J', 'Q', 'w', 'X', 'I', 'V', 'm', 'N', 'Q', '0', '8', 'q', 'H', 'y', 'H', 'v', 'z', '7', 'q', '_', 'I', 'f', 'N', 'U', 'X', '3', 'y', 'p', 'o', 'W', '3', 'R', '2', 'T', '7', 'v', 'u', 'b', 'Q', 'O', 'L', '9', 'J', '5', '6', 'a', 'A', 'V', 'B', 'f', 'L', 'R', 'R', 'K', 'O', 'N', 'L', 'R', 'r', 'O', 'y', 'R', '5', '9', 'V', 'L', 'G', 'E', 'h', 'Z', 'o', 'P', 'L', '-', '7', 'a', 'U', 'K', 'O', 'B', 'W', 'u', '3', 'K', 'L', 'v', 'J', 'v', 's', 'A', 'U', 't', 'z', 'C', 'f', 'w', 's', 'X', '5', 's', 'Z', 'O', 'd', 'N', 'E', 'b', 'd', 'n', 'z', 'y', 'q', 'G', 'w', 'a', 'D', 'k', '1', 'H', '1', 'W', 'N', 'q', 'q', 'K', '-', 'q', 'T', 'l', '8', 'f', '2', 'T', 'S', '8', 'S', 'J', 'W', 'Q', '-', 'm', 'F', 't', 'B', 'A', 'E', 'l', 'c', '4', 'z', 'H', 'Q', 'U', 'Q', 'K', 'b', '8', '7', 'r', 'Y', 'l', '8', 'x', 'b', '-', 'L', 'l', 'O', 'E', 'P', 'I', 'D', 'E', '9', 'Q', 'H', '8', 'F', 'w', '8', 't', 'D', 'f', 'X', '_', 'u', 'H', 'v', 'G', 'K', 'T', 'M', 'O', '1', 'h', '9', 'f', '4', 'n', '9', 'L', 'f', 'O', '_', 'c', 'n', 'c', 'U', 'O', '3', 'W', 'J', '9', 'N', 'V', 'J', 'l', '4', 'b', '8', 'K', 'f', '6', 'p', 'E', 'b', 'r', 'N', 'G', 'i', 'x', 'A', '5', 'n', 'N', 't', 'a', '5', 'd', 'P', 't', '1', '1', 'V', 'G', 'Y', 'H', 'h', 'z', 'I', 'j', '6', '9', 'u', 'L', 'Z', 'O', 'Z', 'E', 'h', 'a', 'f', 'v', 'n', '6', 'W', 'f', 'X', 'g', 'L', 'H', 'T', 'a', 'v', 'g', 'n', '0', 'V', 't', 'Y', 'B', 'v', 'k', 'V', 'I', '2', 'i', 'D', 'u', 'Z', 'Q', '1', 'z', 'K', 'l', '4', 'x', '2', 'R', '9', 'R', 'u', 'b', 'k', 'u', 'a', 'd', 'p', '2', 'b', 'e', 'W', 'X', 'a', 'N', 'X', 'i', 'U', '2', 'B', 'f', 'p', 'O', 'd', '4', 'm', '2', 'Y', 'n', 'c', 'M', '_', 'd', '7', '0', 'j', 'r', '7', 'U', 'y', 'l', 'R', 'G', 'G', 'c', 'F', '6', '8', 'X', 'R', 'g', '5', 'U', 'c', 'L', 'q', 'm', 'p', 'X', 'E', 'V', 'b', '2', 'V', 'N', 'J', '9', 'Z', '4', '5', '6', 'k', 'h', 'Q', 'q', '4', 'e', 'm', 'v', 'U', 'g', 'h', 'y', 'B', 'q', 'i', 'Y', 's', '8', 'e', 'l', '4', 'a', 'r', 'n', 'H', '7', 'r', 'y', 'B', 'P', 'B', 'x', 'Q', '4', 'Z', 'n', 'a', 'n', 'u', 'M', 'k', 'V', 'L', 'A', '5', 'j', 'c', 'l', 'W', '1', 'J', 'H', 'l', 'j', 'q', 'E', 'E', 'C', 'z', '0', 'M', 'i', 't', 'o', '-', 'R', 'K', '-', 'n', 'z', '_', 'Z', 'M', 'A', 'R', 'm', 'F', 'z', 'Q', '7', 'F', 'z', '5', 'Y', 'l', 'a', 'K', 's', 'c', '_', 'z', 'b', 'e', 'F', 'p', 'b', 'g', '9', 'x', 'n', 'Q', 'T', 'L', 'x', 'T', 's', '1', 'n', 'D', 'D', 'E', 'B', 'o', 'd', 'E', 'y', 'R', '5', 'i', 'G', '9', '2', 'L', 'A', 'l', 'j', 'Y', '9', '9', 'K', 'B', 'M', 'e', 'j', 'T', '1', '3', 'c', 'd', '4', 'i', '5', 'i', 'G', 'i', 'l', 'H', '0', 'G', 'N', '_', 'P', 'Y', 'f', 'h', 'S', 'p', 'x', 'X', 'N', 'C', 'p', '3', 'T', 'V', 'Z', 'T', '-', 'V', '3', 'k', '1', 'e', 'O', 'C', 'v', 'w', 'p', '-', 'j', 'V', '0', 'J', '_', 'F', 'E', 'X', 'b', 'Z', 'E', 'j', 'z', 'A', '1', 'h', 'o', 'E', 'Q', 'T', '0', '5', 'o', 'M', 'G', 'p', 't', 'z', 'w', '6', 'l', 'N', '6', 'm', 'Z', 'H', 'Z', '9', 'z', 'F', '-', 's', 'g', 'f', 'A', 'c', '3', '4', 'r', 'f', 'K', 'R', '6', 'r', 'z', 'v', 'q', '9', '5', 'W', 'd', 'c', 'w', 'q', '7', 'k', 'G', 'Z', 'H', '8', '0', 'X', 't', 'D', '6', 'F', 'n', 't', 'a', 'K', 'D', 'Q', '9', 'F', 'u', 'r', 'm', 'D', 'D', 'y', 'p', 'w', 'C', 'F', '2', 'W', '8', 'f', 'j', 'M', 'f', '9', 's', 'T', '8', 'e', 'G', 'q', '3', 'H', 'g', 'D', '7', 'j', 'b', 'q', 'm', 'e', 'J', 'R', 'J', 'X', 'n', 'v', '-', 'm', 'Z', 's', 'h', 'T', 'S', 'e', 'b', 'n', 'O', 'a', 'P', 'l', '-', 'Y', 'l', 'W', 'Z', 'A', 'R', 't', 'N', 'u', 'F', 'f', 'e', 'W', 'i', 'P', 'L', 'o', 'D', 'O', '4', '4', 'K', 'C', 'k', 'y', 'x', 'd', 'Q', 'h', 'b', 'o', 'd', 'd', 'o', 'A', '%', '3', 'D', '%', '3', 'D')"
Senior Data Engineer,"Surescripts, LLC",,Raleigh,NC,,"('h', 't', 't', 'p', 's', ':', '/', '/', 'w', 'w', 'w', '.', 'g', 'l', 'a', 's', 's', 'd', 'o', 'o', 'r', '.', 'c', 'o', 'm', '/', 'p', 'a', 'r', 't', 'n', 'e', 'r', '/', 'j', 'o', 'b', 'L', 'i', 's', 't', 'i', 'n', 'g', '.', 'h', 't', 'm', '?', 'p', 'o', 's', '=', '1', '2', '8', '&', 'a', 'o', '=', '1', '1', '1', '0', '5', '8', '6', '&', 's', '=', '5', '8', '&', 'g', 'u', 'i', 'd', '=', '0', '0', '0', '0', '0', '1', '8', '5', '1', 'd', 'c', '0', '1', 'd', 'b', 'a', '9', '6', 'e', 'c', '5', 'c', '3', '2', '9', '1', '9', '5', 'c', '7', 'c', '0', '&', 's', 'r', 'c', '=', 'G', 'D', '_', 'J', 'O', 'B', '_', 'A', 'D', '&', 't', '=', 'S', 'R', '&', 'v', 't', '=', 'w', '&', 'c', 's', '=', '1', '_', '3', '1', '2', '1', '8', '3', '5', '3', '&', 'c', 'b', '=', '1', '6', '7', '1', '2', '4', '1', '4', '0', '8', '4', '1', '1', '&', 'j', 'o', 'b', 'L', 'i', 's', 't', 'i', 'n', 'g', 'I', 'd', '=', '1', '0', '0', '7', '8', '3', '8', '7', '2', '2', '7', '1', '1', '&', 'c', 'p', 'c', '=', 'D', 'B', 'A', '8', '0', '4', '0', '9', '3', '7', '8', 'A', 'B', 'D', '9', '3', '&', 'j', 'r', 't', 'k', '=', '3', '-', '0', '-', '1', 'g', 'k', 'e', 's', '0', '7', 'f', '2', '2', 'c', 'i', '6', '0', '0', '1', '-', '1', 'g', 'k', 'e', 's', '0', '7', 'f', 'o', '2', '8', 'u', 'u', '0', '0', '0', '-', 'b', '2', 'b', 'd', '5', 'c', '5', '7', '4', '5', '5', '1', 'a', 'f', '4', 'e', '-', '-', '6', 'N', 'Y', 'l', 'b', 'f', 'k', 'N', '0', 'D', 'V', 'd', 'x', 'Y', '0', 'N', '0', '5', '-', 'T', '7', '_', '8', 'R', 'i', 'F', '_', '9', 'S', 'm', 'N', 'M', 'S', 'f', 'M', '8', '9', 'Q', 'W', 'h', 'I', '8', '2', 'P', 'K', 'v', 'K', '6', 'T', '3', 'o', 't', 'F', 'y', 'x', 'c', 'E', '-', 'e', 'i', 's', 'r', '4', 'm', '9', 'j', 'g', 'h', 'q', 'q', 'D', 'w', 'l', '6', 'D', 'V', 'r', '7', 'I', 'H', 'y', 'F', 'm', 'w', '5', 'j', 'o', 'F', 'f', 'P', 'F', 'T', 'U', 'N', 'E', 'N', 'q', 'W', '9', 'k', 'h', 'M', 't', 'Q', 'i', '6', 'G', 'N', 't', 'Z', 'A', 'Y', 'k', 'J', 'x', 'm', 'g', 'o', 'L', 's', 'n', '6', 'n', 'm', 'd', 'c', '-', 'x', 'w', 'w', 'y', 'U', 'n', 'k', 'j', 'a', 'e', 'A', 'n', 'F', '3', 'D', 'D', 'z', 'b', 'V', '_', 'I', 'y', '-', 'L', '5', 'l', 'F', 'D', '6', 'E', 's', '9', 's', 'Y', '7', 'q', 'I', 'H', '8', 'L', 'e', 'E', 'k', 'B', 'v', 'N', 'j', 'z', '7', 'J', 't', '4', 'P', 'P', 'r', 'G', '1', 'e', '6', 'h', 'Z', '1', 'K', '9', 'D', 'K', 'C', 'i', 'H', 'k', 'z', '4', 'v', 'R', 'a', 'Z', 'p', 'Q', 'J', 'K', 'Q', '-', '-', 't', '4', 'V', '9', 'I', 'S', 'n', 'S', 'b', '8', 'e', 'w', '3', 'n', '4', 'Y', 'd', '7', 'V', 'D', 'l', 'V', 'u', 'R', '0', 'r', '1', 'p', '7', '4', 'U', 'S', 'E', 'O', 'x', 'a', 'c', 'c', 'K', '8', '7', 'Q', 'R', 'A', 'q', 'b', 'S', 'D', 'k', 'a', 'y', 'O', 'a', 'j', '7', 'x', 'c', 'i', 'F', 'L', 'F', 'd', 'V', 'c', 'F', '5', 'H', 's', 'M', 'Q', 'y', 'z', '3', 'a', 'O', 'Z', '2', 'A', 'u', 'y', 'I', 'N', '5', '0', 'O', 'q', 'C', '-', 'E', 'Z', 'o', 'Z', 't', 'm', 'S', '5', 'I', 'Q', 's', 'g', 'C', 'J', 'h', 'u', 'j', 'X', 'G', 'H', 'a', 'N', 'r', 'L', 'B', '1', 'v', 'H', 'M', 'x', 'U', '3', 'x', 'i', 'C', '8', 'B', 'g', 'P', 'f', 'n', 'R', 'w', 't', 'H', 'u', 'n', 'g', '0', 'V', 'r', '8', 'g', 'M', 'd', '9', 't', 'v', 'G', 't', 'p', '1', 'Y', '9', 'E', 'I', 'R', 'E', 'g', 'E', '7', 'r', 'W', '8', 'H', '5', 'M', '_', 'j', '1', 'v', '6', 'Q', 'i', 'U', 'Z', 'u', 'k', 'o', 'b', 'B', 'K', '6', '_', 'N', 'e', 'a', 'O', '1', 'B', 'm', 'n', 'o', '-', 'i', '0', '6', 'I', '7', 't', 'j', 'D', 'D', 'K', 'b', 'E', 'F', '_', 'k', '8', 'b', 'q', 'l', 'k', 'Z', 'J', 'k', 'W', 'k', 't', 'j', 'J', 'O', 'v', '4', 'b', 'Y', 'M', '-', 'K', 'b', 'h', 'x', 'p', 'p', '8', 'g', 'n', 'z', 'o', '9', 'f', 'Q', 'C', 'l', 'S', 'x', 'S', 'O', 'y', 'd', 'r', 'G', 'N', 'l', 'G', 'x', '_', 'W', 'C', '-', '_', '7', '2', '_', 'P', 'o', 'z', 'w', 'A', 'f', '0', 'x', 'F', '6', 'q', 'T', 'H', '9', 'Z', '1', 'F', 'W', 'X', 'Y', '-', 'V', 'V', 'q', 'h', 'U', '0', 'o', 'x', '1', 'K', 'y', 'W', '8', 'O', 'L', '3', '0', '-', 'j', '9', 'F', 'K', 'u', 'F', 'p', 'v', 'O', '3', 'W', 'Y', '6', '_', 'C', 'd', 'D', 't', 'e', 'L', 'F', 'r', 'W', 'Y', 'S', 'Q', 'y', 'J', 'n', 'C', 'O', 'y', 't', 'H', 'E', 'M', 'F', 'U', 'o', '_', 'X', 'k', 'E', 'Q', 'K', 'h', 'a', 'B', 'Z', 'Q', 'Z', 'Y', 'p', 's', 'm', 'W', 'R', 'D', 'B', 'd', 'a', 'a', '6', 'E', 'C', 'C', 'R', '9', 'l', '0', 'g', 'P', '4', 'J', 'N', 'S', 'y', 'H', 'x', 'f', 'n', 's', 'Y', '0', 'k', 'R', 'j', 'y', 'x', 'k', 'o', 'C', 'm', 'q', 'B', '4', '3', '4', 'i', 'c', 'Y', 'Y', 'P', 'p', 'D', 'r', '5', 'w', 'V', 'h', 'K', 'v', 'd', 'z', '2', 'W', 'B', 'Y', 'l', 'Q', 'V', 't', 'h', 'X', 'L', '-', '3', 'T', '9', 'y', 'c', 'D', 'w', '4', 'i', 'H', 'L', '5', 'w', 'z', 'g', 'N', 't', 'f', 'v', 'i', 'B', 'D', 'X', 'e', 'c', '1', 'D', 'e', '1', 'f', '1', 'y', 'm', 'g', 'K', 'x', 'a', 'r', 'T', '0', 'W', '7', 'r', 'q', 'Q', 'i', '3', 'f', 'm', 'K', 'i', 'p', 'c', 'e', 'S', 'u', 'r', 'z', '-', 'x', 'o', 'A', '0', 'd', 'b', 'N', 'q', 'Z', 'y', 'P', 'T', '6', 'r', 'r', '1', 's', '%', '3', 'D')"
Data Science Intern,Pitney Bowes Inc.,,Stamford,CT,,https://jooble.org/away/-6779892617394765242
Director-Data Science,American Express Company,,United States,N/A,,https://jooble.org/away/5800903726875071520
Data Science Intern,Intuitive,,Sunnyvale,CA,,https://jooble.org/away/-3413996559529515936
Manager-Data Science,American Express Company,,United States,N/A,,https://jooble.org/away/8605992044811224146
Data Science Intern,Dassault Systèmes,,New York State,N/A,,https://jooble.org/away/-9197896389703641323
Data Science Intern,Novelis Inc.,,Atlanta,GA,,https://jooble.org/away/-5891220034445053838
"Manager, Data Science",Humana,,Louisville,KY,,https://jooble.org/away/-1995880941581826325
Data Science Intern,Cadent,,Philadelphia,PA,,https://jooble.org/away/-4154498657990035794
"Scientist, Data Science",XPO Logistics,,Cambridge,MA,,https://jooble.org/away/4971317255272557796
Manager Data Science,Discover,,Riverwoods,IL,,https://jooble.org/away/-6164392094842805494
Data Science Intern,Labcorp,,Durham,NC,,https://jooble.org/away/7424794723128644939
Principal Data Science,Discover,,Riverwoods,IL,,https://jooble.org/away/-5010894473813280524
Manager Data Science,Discover,,Riverwoods,IL,,https://jooble.org/away/-5974712267660895451
Data Science,Koniag Government Services,,Clarksburg,WV,,https://jooble.org/away/-2976269369205811930
Director of Data Science,Harnham,,California,N/A,,https://jooble.org/away/4820786626606139431
Head of Data Science,Harnham,,Denver,CO,,https://jooble.org/away/7397080374583629904
Data Science Engineer,Irvine Technology Corporation,,Los Angeles,CA,,https://jooble.org/away/8073249122180371817
Data Science Intern,HP Inc.,,Tulsa,OK,,https://jooble.org/away/-2327539502794060488
Data Science Internship,C Spire,,Ridgeland,MS,,https://jooble.org/away/5439435485006666368
Data Science Manager,Sterling Engineering,,Bolingbrook,IL,,https://jooble.org/away/-5610077628787147990
